,index,Joan,Pere,Marta,Claudia,Marc,Maria
0,781,0.9996211676860342,0.9996827217514269,0.9997371020809637,0.9998763233886158,0.9997401427844814,0.9998926294084568
1,782,0.9992423353720682,0.9993654435028537,0.9994743115548683,0.9997526467772313,0.9994802855689628,0.9997852588169134
2,783,0.9988633954352859,0.9990481652542804,0.9992115210287728,0.9996289701658471,0.9992204283534443,0.9996778882253702
3,784,0.99848456312132,0.9987309929770661,0.9989486231097365,0.9995053964468184,0.9989605711379257,0.9995705176338268
4,785,0.9981057308073541,0.998413714728493,0.9986858325836411,0.9993817198354339,0.9987007139224071,0.9994631470422835
5,786,0.9977268984933882,0.9980964364799197,0.9984229346646049,0.9992580432240497,0.9984409612771966,0.9993558789035947
6,787,0.9973480661794223,0.9977791582313466,0.9981601441385093,0.9991343666126653,0.998181104061678,0.9992485083120514
7,788,0.9969692338654564,0.9974619859541322,0.9978973536124139,0.999010690001281,0.9979212468461595,0.999141137720508
8,789,0.9965904015514906,0.9971447077055591,0.9976344556933776,0.9988870133898967,0.9976613896306409,0.9990337671289647
9,790,0.9962115692375246,0.9968274294569859,0.9973716651672822,0.9987633367785124,0.9974015324151223,0.9989263965374214
10,791,0.9958327369235588,0.9965101512084127,0.9971087672482459,0.9986397630594837,0.9971416751996037,0.9988190259458781
11,792,0.9954539046095929,0.9961929789311983,0.9968459767221505,0.9985160864480993,0.9968818179840853,0.9987116553543347
12,793,0.9950632337858155,0.9958667990884769,0.9965715877584505,0.998390763559026,0.9966155819797753,0.9986034651399552
13,794,0.9946726705848546,0.9955406192457552,0.9962971987947504,0.9982654406699527,0.9963493459754653,0.9984953773784302
14,795,0.9942821073838938,0.9952144394030338,0.9960228098310505,0.9981401177808794,0.9960831099711552,0.9983871871640507
15,796,0.9938914365601165,0.9948882595603121,0.9957484208673505,0.9980147948918061,0.9958168739668453,0.9982789969496713
16,797,0.9935008733591556,0.9945621856889496,0.9954740319036505,0.9978894720027328,0.9955506379625354,0.9981708067352917
17,798,0.9931103101581948,0.994236005846228,0.9951996429399504,0.9977641491136595,0.9952844019582254,0.9980626165209121
18,799,0.9927196393344175,0.9939098260035064,0.9949253613691912,0.9976389291169419,0.9950181659539155,0.9979544263065326
19,800,0.9923290761334567,0.9935836461607849,0.9946509724054912,0.9975136062278684,0.9947519299496054,0.9978463385450076
20,801,0.9919384053096792,0.9932574663180633,0.9943765834417913,0.9973882833387951,0.9944856939452955,0.9977381483306281
21,802,0.9915478421087184,0.9929313924467007,0.9941021944780912,0.997262960449722,0.9942194579409855,0.9976299581162487
22,803,0.9911572789077575,0.9926052126039792,0.9938278055143912,0.9971376375606485,0.9939532219366756,0.9975217679018691
23,804,0.9907666080839802,0.9922790327612576,0.9935534165506912,0.9970123146715754,0.9936869859323656,0.9974135776874895
24,805,0.9903693722683984,0.991948190178744,0.99326925482938,0.9968860657513019,0.993417717389122,0.997305182567401
25,806,0.9899721364528166,0.9916173475962305,0.992984985715128,0.9967599197233842,0.9931485534161865,0.9971968899001669
26,807,0.9895747930144182,0.991286505013717,0.9927008239938167,0.9966336708031109,0.9928793894432509,0.9970884947800783
27,808,0.9891775571988364,0.9909556624312035,0.9924165548795647,0.9965074218828375,0.9926102254703154,0.9969800996599897
28,809,0.9887803213832546,0.9906249258200488,0.9921323931582535,0.9963811729625642,0.9923409569270718,0.9968717045399013
29,810,0.9883830855676727,0.9902940832375352,0.9918482314369422,0.9962550269346464,0.9920717929541363,0.9967633094198126
30,811,0.9879857421292744,0.9899632406550217,0.9915639623226902,0.996128778014373,0.9918026289812008,0.9966550167525786
31,812,0.9875885063136925,0.9896323980725082,0.991279800601379,0.9960025290940997,0.9915333604379573,0.99654662163249
32,813,0.9871912704981107,0.9893015554899947,0.990995531487127,0.9958762801738263,0.9912641964650216,0.9964382265124013
33,814,0.9867939270597125,0.9889707129074812,0.9907113697658156,0.9957501341459085,0.9909950324920861,0.9963298313923129
34,815,0.9863966912441304,0.9886398703249676,0.9904272080445045,0.9956238852256353,0.9907257639488425,0.9962214362722243
35,816,0.9859994554285486,0.988309027742454,0.9901429389302525,0.9954976363053618,0.990456599975907,0.9961130411521357
36,817,0.9855987756828399,0.987976383646839,0.989847500950159,0.9953701526768218,0.9901868085811231,0.9960041337677744
37,818,0.9851982035599475,0.987643739551224,0.9895519555771248,0.9952425661559262,0.9899171217566473,0.9958953288362679
38,819,0.9847975238142388,0.9873110954556091,0.9892564102040906,0.9951150825273861,0.9896473303618634,0.9957864214519065
39,820,0.9843968440685299,0.9869783453886353,0.9889609722239973,0.9949874960064905,0.9893775389670795,0.9956775140675453
40,821,0.9839962719456377,0.9866457012930202,0.9886654268509629,0.9948600123779504,0.9891078521426038,0.9955686066831841
41,822,0.9835955921999288,0.9863130571974051,0.9883699888708696,0.9947324258570548,0.98883806074782,0.9954596992988229
42,823,0.9831949124542199,0.9859804131017902,0.9880744434978354,0.9946049422285146,0.9885682693530361,0.9953507919144619
43,824,0.9827943403313276,0.9856476630348163,0.987778898124801,0.994477355707619,0.9882984779582522,0.9952418845301005
44,825,0.9823936605856187,0.9853150189392013,0.9874834601447077,0.9943498720790789,0.9880287911337764,0.9951329771457393
45,826,0.98199298083991,0.9849823748435864,0.9871879147716736,0.9942222855581833,0.9877589997389925,0.9950240697613781
46,827,0.9815924087170176,0.9846497307479714,0.98689247679158,0.9940948019296433,0.9874892083442086,0.9949151623770169
47,828,0.9811917289713089,0.9843169806809975,0.9865969314185458,0.9939672154087477,0.9872195215197328,0.9948062549926557
48,829,0.980787605295473,0.9839823231295631,0.9862882841067361,0.9938376739330963,0.9869489981327926,0.9946962206268948
49,830,0.9803833739968209,0.983647665578129,0.9859795294019856,0.9937082353498006,0.9866784747458522,0.9945862887139882
50,831,0.9799792503209851,0.9833130080266946,0.9856708820901758,0.9935786938741492,0.986407951358912,0.9944762543482272
51,832,0.9795750190223328,0.9829783504752604,0.9853622347783663,0.9934491523984981,0.9861375325422799,0.9943663224353209
52,833,0.979170895346497,0.9826436929238261,0.9850534800736157,0.9933197138152022,0.9858670091553395,0.9942562880695598
53,834,0.9787667716706612,0.9823090353723919,0.984744832761806,0.9931901723395509,0.9855964857683993,0.9941463561566533
54,835,0.978362540372009,0.9819742718495986,0.9844361854499962,0.9930606308638996,0.9853260669517672,0.9940363217908924
55,836,0.9779584166961732,0.9816396142981645,0.9841274307452458,0.9929310893882484,0.9850555435648268,0.9939263898779859
56,837,0.977554185397521,0.9813049567467301,0.983818783433436,0.9928016508049526,0.9847850201778866,0.9938163555122248
57,838,0.9771500617216853,0.980970299195296,0.9835101361216263,0.9926721093293013,0.9845144967909463,0.9937063211464638
58,839,0.9767459380458495,0.9806356416438616,0.9832013814168759,0.99254256785365,0.9842440779743141,0.9935963892335574
59,840,0.9763417067471972,0.9803009840924274,0.9828927341050662,0.9924131292703543,0.9839735545873739,0.9934863548677965
60,841,0.9759296189829428,0.9799602861735353,0.982567977852139,0.9922799865622584,0.9836987438178033,0.9933738616335267
61,842,0.9755175312186884,0.9796194822832843,0.9822431142062711,0.9921468438541624,0.9834238284779248,0.9932613683992572
62,843,0.9751053358316176,0.9792787843643923,0.9819183579533439,0.9920138040384221,0.9831490177083543,0.9931488751649875
63,844,0.9746932480673632,0.9789380864455002,0.9815934943074761,0.9918806613303262,0.9828742069387837,0.9930362794778633
64,845,0.974281160303109,0.9785973885266082,0.981268738054549,0.9917475186222302,0.9825993961692132,0.9929237862435938
65,846,0.9738689649160381,0.9782566906077161,0.9809439818016218,0.9916144788064898,0.9823244808293345,0.9928112930093241
66,847,0.9734568771517838,0.9779158867174651,0.9806191181557539,0.991481336098394,0.982049670059764,0.9926987997750546
67,848,0.9730447893875294,0.9775751887985731,0.9802943619028268,0.9913482962826535,0.9817748592901935,0.9925862040879304
68,849,0.9726327016232749,0.9772344908796811,0.9799694982569589,0.9912151535745576,0.9814999439503149,0.9924737108536608
69,850,0.972220506236204,0.9768937929607889,0.9796447420040317,0.9910820108664616,0.9812251331807443,0.9923612176193912
70,851,0.9718084184719497,0.9765530950418969,0.9793198783581638,0.9909489710507213,0.9809503224111739,0.9922487243851216
71,852,0.9713963307076954,0.9762123971230048,0.9789951221052366,0.9908158283426254,0.9806754070712952,0.9921361286979974
72,853,0.9709679918981544,0.975858558755608,0.9786524312311988,0.9906783641555958,0.9803904529818432,0.9920203569723829
73,854,0.9705397607114299,0.9755048263595703,0.9783098477501018,0.9905407970762108,0.9801053943220832,0.9919045852467685
74,855,0.9701114219018889,0.9751510939635324,0.977967156876064,0.9904033328891813,0.9798204402326313,0.991788813521154
75,856,0.9696831907151644,0.9747973615674944,0.977624466002026,0.9902657658097963,0.9795353815728712,0.9916730417955396
76,857,0.9692549595284399,0.9744436291714567,0.9772817751279882,0.9901283016227669,0.9792504274834193,0.9915572700699251
77,858,0.9688266207188989,0.9740897908040599,0.9769391916468911,0.9899907345433817,0.9789653688236593,0.9914414983443107
78,859,0.9683983895321743,0.9737360584080219,0.9765965007728533,0.9898532703563523,0.9786804147342073,0.9913257266186962
79,860,0.9679700507226333,0.9733823260119842,0.9762538098988155,0.9897157032769672,0.9783953560744474,0.9912099548930817
80,861,0.9675418195359089,0.9730285936159463,0.9759112264177183,0.9895782390899377,0.9781102974146874,0.9910941831674673
81,862,0.9671134807263679,0.9726748612199084,0.9755685355436805,0.9894406720105526,0.9778253433252354,0.9909784114418528
82,863,0.9666852495396434,0.9723210228525117,0.9752258446696426,0.9893032078235232,0.9775402846654754,0.9908626397162384
83,864,0.9662569107301024,0.9719672904564738,0.9748832611885455,0.989165640744138,0.9772553305760234,0.990746867990624
84,865,0.9658026348217928,0.9715923637886542,0.9745207026204629,0.989023134831686,0.9769535406669745,0.9906274079622466
85,866,0.9653482512906666,0.9712174371208345,0.9741581440523802,0.9888806289192341,0.9766518553282336,0.9905078454810147
86,867,0.964893975382357,0.9708425104530148,0.9737956928772383,0.9887380201144266,0.9763500654191847,0.9903883854526372
87,868,0.9644396994740473,0.9704674778138364,0.9734331343091557,0.9885955142019746,0.9760483800804438,0.9902688229714054
88,869,0.9639853159429211,0.9700925511460167,0.973070575741073,0.9884530082895226,0.975746694741703,0.9901492604901735
89,870,0.9635310400346114,0.969717624478197,0.9727081245659311,0.9883103994847151,0.975444904832654,0.990029800461796
90,871,0.9630766565034854,0.9693426978103775,0.9723455659978484,0.9881678935722631,0.9751432194939131,0.9899102379805641
91,872,0.9626223805951758,0.9689677711425578,0.9719830074297657,0.9880253876598111,0.9748414295848642,0.9897907779521867
92,873,0.9621679970640495,0.9685927385033792,0.9716205562546238,0.9878827788550036,0.9745397442461233,0.9896712154709548
93,874,0.9617137211557399,0.9682178118355597,0.9712579976865412,0.9877402729425516,0.9742379543370745,0.9895517554425775
94,875,0.9612593376246138,0.96784288516774,0.9708954391184585,0.9875977670300996,0.9739362689983336,0.9894321929613455
95,876,0.9608050617163041,0.9674679584999204,0.9705329879433168,0.9874551582252922,0.9736344790892846,0.9893126304801135
96,877,0.9603083824183062,0.9670574254555073,0.9701437959259199,0.9873037006779063,0.9733036186345962,0.9891858962990648
97,878,0.9598118107431248,0.9666468924110944,0.9697547113014638,0.987152140238165,0.9729727581799078,0.9890590596651615
98,879,0.9593151314451269,0.9662363593666813,0.9693656266770079,0.9870005797984236,0.9726418977252194,0.9889323254841128
99,880,0.9588185597699455,0.9658259322936272,0.9689765420525518,0.9868491222510378,0.9723109327002228,0.9888054888502095
100,881,0.9583218804719476,0.9654153992492142,0.9685874574280959,0.9866975618112964,0.9719800722455344,0.9886787546691608
101,882,0.9578253087967662,0.9650048662048012,0.9681983728036399,0.9865461042639108,0.971649211790846,0.9885519180352575
102,883,0.9573286294987683,0.9645943331603881,0.9678092881791838,0.9863945438241694,0.9713183513361576,0.9884251838542089
103,884,0.9568320578235868,0.964183800115975,0.9674202035547278,0.986242983384428,0.9709873863111611,0.9882983472203055
104,885,0.9563353785255889,0.9637732670715621,0.9670311189302717,0.9860915258370422,0.9706565258564727,0.9881716130392568
105,886,0.9558388068504075,0.963362839998508,0.9666420343058159,0.9859399653973008,0.9703256654017842,0.9880447764053535
106,887,0.9553421275524095,0.962952306954095,0.9662529496813598,0.985788507849915,0.9699948049470958,0.9879179397714503
107,888,0.9548455558772282,0.9625417739096819,0.9658638650569037,0.9856369474101736,0.9696638399220993,0.9877912055904015
108,889,0.9542953880394459,0.9620862030377327,0.9654421329784497,0.9854739659189651,0.9692960661486671,0.9876550457467365
109,890,0.9537451125788472,0.9616306321657834,0.9650204008999959,0.9853109844277564,0.968928292375235,0.9875188859030712
110,891,0.9531949447410648,0.961175061293834,0.964598561428601,0.9851480029365478,0.9685605186018029,0.9873827260594061
111,892,0.9526447769032826,0.9607194904218848,0.964176829350147,0.9849850214453392,0.9681927448283709,0.9872465662157409
112,893,0.9520945014426838,0.9602639195499354,0.9637549898787523,0.9848220399541305,0.9678249710549387,0.9871105088249303
113,894,0.9515443336049016,0.9598083486779861,0.9633332578002983,0.984659058462922,0.9674570927111986,0.9869743489812652
114,895,0.9509941657671193,0.9593527778060369,0.9629115257218442,0.9844960769717134,0.9670893189377664,0.9868381891376
115,896,0.9504438903065205,0.9588973129054464,0.9624896862504496,0.9843330954805047,0.9667215451643343,0.9867020292939349
116,897,0.9498937224687383,0.9584417420334971,0.9620679541719955,0.9841701139892961,0.9663537713909022,0.9865658694502697
117,898,0.949343554630956,0.9579861711615479,0.9616461147006009,0.9840071324980875,0.9659859976174701,0.9864297096066047
118,899,0.9487932791703572,0.9575306002895986,0.9612243826221468,0.9838441510068789,0.9656181192737299,0.9862935497629395
119,900,0.948243111332575,0.9570750294176493,0.9608026505436928,0.9836811695156703,0.9652503455002978,0.9861573899192744
120,901,0.9476289079189945,0.9565652012099387,0.9603408608983269,0.9835031657405497,0.9648378156350178,0.9860088332802116
121,902,0.9470145968825975,0.9560553730022281,0.959879071252961,0.9833250590730737,0.9644251811994298,0.9858601741882943
122,903,0.946400393469017,0.9555456507658763,0.959417281607595,0.9831470552979532,0.9640125467638417,0.985711515096377
123,904,0.9457861900554365,0.9550358225581655,0.9589554919622291,0.982968948630477,0.9636000168985618,0.9855628560044596
124,905,0.9451719866418561,0.9545259943504549,0.958493702316863,0.9827909448553565,0.9631873824629736,0.9854142993653968
125,906,0.944557675605459,0.9540161661427443,0.9580319126714971,0.9826128381878804,0.9627748525976937,0.9852656402734795
126,907,0.9439434721918786,0.9535064439063926,0.9575701230261312,0.9824348344127599,0.9623622181621057,0.9851169811815622
127,908,0.943329268778298,0.952996615698682,0.9571083333807652,0.9822567277452838,0.9619495837265176,0.9849683220896449
128,909,0.9427150653647176,0.9524867874909714,0.95664665112834,0.9820787239701633,0.9615370538612377,0.9848196629977276
129,910,0.9421008619511372,0.9519769592832605,0.9561848614829741,0.9819006173026872,0.9611244194256496,0.9846711063586648
130,911,0.9414865509147401,0.9514671310755499,0.9557230718376081,0.9817226135275667,0.9607117849900617,0.9845224472667474
131,912,0.9408723475011597,0.9509574088391982,0.9552612821922422,0.9815445068600906,0.9602992551247816,0.9843737881748301
132,913,0.9401846377039318,0.9503848455870136,0.9547504139729385,0.9813467477527024,0.9598343355351656,0.9842086341733342
133,914,0.939496927906704,0.9498122823348288,0.9542395457536348,0.9811490915376697,0.9593695205158578,0.9840434801718381
134,915,0.9388092181094762,0.949239719082644,0.9537286775343311,0.9809513324302814,0.9589047054965499,0.9838784286231965
135,916,0.9381216159350647,0.9486671558304595,0.9532178093150273,0.9807535733228931,0.958439785906934,0.9837132746217006
136,917,0.9374339061378368,0.9480945925782747,0.9527069410957237,0.980555814215505,0.9579749708876262,0.9835481206202045
137,918,0.9367461963406091,0.9475220293260901,0.95219607287642,0.9803580551081167,0.9575101558683183,0.9833829666187085
138,919,0.9360584865433812,0.9469495720452642,0.9516852046571163,0.9801602960007285,0.9570452362787024,0.9832178126172125
139,920,0.9353707767461533,0.9463770087930796,0.9511743364378127,0.9799626397856959,0.9565804212593946,0.9830526586157164
140,921,0.9346830669489254,0.9458044455408948,0.9506634682185089,0.9797648806783075,0.9561155016697787,0.982887607067075
141,922,0.9339953571516976,0.94523188228871,0.9501525999992053,0.9795671215709193,0.9556506866504708,0.982722453065579
142,923,0.9333076473544698,0.9446593190365254,0.9496417317799016,0.9793693624635311,0.955185871631163,0.982557299064083
143,924,0.9326200451800584,0.9440867557843406,0.9491308635605978,0.9791716033561428,0.954720952041547,0.982392145062587
144,925,0.9318460218840235,0.9434394827241253,0.9485582444003441,0.9789469893439532,0.9541928719858654,0.9822041440745316
145,926,0.931072106210805,0.9427922096639098,0.9479857326330311,0.9787223753317635,0.9536648965004919,0.9820161430864763
146,927,0.9302981905375867,0.9421449366036942,0.9474131134727772,0.9784977613195739,0.9531368164448103,0.9818282445512755
147,928,0.9295242748643684,0.9414976635434789,0.9468406017054644,0.9782732501997398,0.9526087363891287,0.9816402435632202
148,929,0.92875035919115,0.9408502845119044,0.9462679825452106,0.9780486361875501,0.9520806563334471,0.9814522425751648
149,930,0.9279763358951151,0.9402030114516889,0.9456954707778975,0.9778240221753605,0.9515525762777655,0.9812642415871096
150,931,0.9272024202218967,0.9395557383914735,0.9451229590105845,0.9775994081631708,0.951024496222084,0.9810762405990542
151,932,0.9264285045486783,0.938908465331258,0.9445503398503308,0.9773747941509812,0.9504965207367103,0.9808882396109988
152,933,0.9256545888754599,0.9382611922710427,0.9439778280830178,0.9771501801387915,0.9499684406810287,0.9807003410757981
153,934,0.9248806732022417,0.9376139192108272,0.9434052089227639,0.9769255661266018,0.9494403606253472,0.9805123400877427
154,935,0.9241066499062067,0.9369665401792527,0.9428326971554509,0.9767009521144122,0.9489122805696656,0.9803243390996874
155,936,0.9233327342329883,0.9363192671190373,0.9422600779951972,0.9764763381022225,0.948384200513984,0.980136338111632
156,937,0.9224617427793161,0.9355875348857714,0.9416140020634479,0.9762184898591867,0.9477844897972841,0.979919957682873
157,938,0.921590751325644,0.9348558026525056,0.9409679261316987,0.9759607445085063,0.9471846745102763,0.9797035772541139
158,939,0.9207197598719719,0.9341240704192397,0.9403217428070088,0.9757028962654706,0.9465849637935766,0.9794872992782094
159,940,0.9198486607954832,0.9333923381859739,0.9396756668752596,0.9754451509147902,0.9459851485065687,0.9792709188494504
160,941,0.9189776693418111,0.932660605952708,0.9390294835505695,0.9751873026717544,0.9453854377898689,0.9790545384206913
161,942,0.9181066778881389,0.9319287677480832,0.9383834076188203,0.9749295573210741,0.944785622502861,0.9788381579919323
162,943,0.917235686434467,0.9311970355148174,0.9377373316870712,0.9746717090780381,0.9441859117861612,0.9786217775631733
163,944,0.9163646949807948,0.9304653032815515,0.937091148362381,0.9744139637273579,0.9435862010694613,0.9784053971344142
164,945,0.9154935959043061,0.9297335710482857,0.9364450724306319,0.974156115484322,0.9429863857824535,0.9781891191585097
165,946,0.914622604450634,0.9290018388150197,0.935798889105942,0.9738983701336417,0.9423866750657538,0.9779727387297507
166,947,0.9137516129969618,0.9282701065817539,0.9351528131741927,0.9736405218906059,0.941786859778746,0.9777563583009915
167,948,0.9128806215432896,0.9275383743484881,0.9345067372424435,0.9733827765399256,0.9411871490620461,0.9775399778722326
168,949,0.9118958727726112,0.9267066051524123,0.9337733508498379,0.9730830511081764,0.9405015861224326,0.9772874315858258
169,950,0.9109111240019329,0.9258748359563365,0.9330399644572324,0.9727833256764272,0.9398160231828191,0.9770348852994191
170,951,0.9099263752312545,0.9250430667602606,0.9323065780646267,0.9724837031370336,0.9391304602432053,0.9767823390130123
171,952,0.9089415188377596,0.9242112975641847,0.931573191672021,0.9721839777052844,0.9384448973035918,0.9765298951794601
172,953,0.9079567700670813,0.9233796343394679,0.9308398052794155,0.9718842522735351,0.9377593343639783,0.9762773488930533
173,954,0.9069720212964029,0.922547865143392,0.9301064188868099,0.9715846297341416,0.9370737714243648,0.9760248026066466
174,955,0.9059872725257245,0.9217160959473162,0.9293730324942042,0.9712849043023923,0.936388103914443,0.9757722563202398
175,956,0.9050025237550461,0.9208843267512403,0.9286396461015987,0.9709852817629988,0.9357025409748294,0.9755197100338331
176,957,0.9040177749843678,0.9200525575551645,0.927906259708993,0.9706855563312495,0.9350169780352159,0.9752671637474263
177,958,0.9030330262136894,0.9192207883590887,0.9271728733163874,0.9703858308995005,0.9343314150956024,0.9750146174610196
178,959,0.902048277443011,0.9183891251343718,0.9264394869237819,0.9700862083601067,0.9336458521559888,0.9747620711746128
179,960,0.9010635286723326,0.9175573559382959,0.9257061005311762,0.9697864829283577,0.9329602892163751,0.9745095248882061
180,961,0.8999454352320508,0.916606898820242,0.9248690799507152,0.9694336650411389,0.9321716199530187,0.9742106699115536
181,962,0.8988274494145857,0.9156565476735472,0.9240320593702542,0.9690809500462758,0.9313829506896621,0.973911814934901
182,963,0.897709355974304,0.9147060905554935,0.9231949313968524,0.9687281321590572,0.9305942814263055,0.9736129599582485
183,964,0.8965913701568387,0.9137557394087985,0.9223579108163914,0.9683754171641941,0.9298055075926409,0.9733141049815959
184,965,0.8954732767165571,0.9128052822907448,0.9215207828429897,0.9680225992769754,0.9290168383292843,0.9730152500049434
185,966,0.8943551832762753,0.9118549311440499,0.9206837622625287,0.9676697813897567,0.9282281690659279,0.9727163950282909
186,967,0.89323719745881,0.9109044740259961,0.9198466342891269,0.9673170663948937,0.9274393952322632,0.9724175400516383
187,968,0.8921191040185283,0.9099540169079422,0.919009613708666,0.966964248507675,0.9266507259689066,0.9721186850749858
188,969,0.8910011182010631,0.9090036657612475,0.9181725931282049,0.9666114306204563,0.92586205670555,0.9718198300983332
189,970,0.8898830247607814,0.9080532086431936,0.9173354651548031,0.9662587156255932,0.9250733874421935,0.9715209751216808
190,971,0.888765038943316,0.9071028574964987,0.9164984445743422,0.9659058977383747,0.9242846136085289,0.9712221201450283
191,972,0.8876469455030345,0.906152400378445,0.9156613166009403,0.9655530798511559,0.9234959443451723,0.9709232651683757
192,973,0.886382054541091,0.9050696910044729,0.9147056268209144,0.9651361600264227,0.9225908883289498,0.9705679586688793
193,974,0.8851171635791474,0.9039870876018598,0.9137499370408885,0.9647192402016896,0.9216859368830351,0.9702126521693829
194,975,0.8838521649943876,0.9029043782278877,0.9127941398679218,0.9643023203769565,0.9207808808668125,0.9698573456698865
195,976,0.882587274032444,0.9018216688539156,0.9118384500878958,0.9638854005522233,0.9198759294208979,0.9695020391703901
196,977,0.8813223830705005,0.9007389594799435,0.9108827603078697,0.9634684807274901,0.9189708734046753,0.9691467326708937
197,978,0.8800573844857406,0.8996562501059714,0.9099269631349031,0.9630515609027569,0.9180659219587608,0.9687914261713974
198,979,0.8787924935237971,0.8985735407319994,0.908971273354877,0.9626346410780238,0.9171608659425382,0.9684361196719009
199,980,0.8775276025618535,0.8974909373293862,0.908015583574851,0.9622177212532906,0.9162559144966237,0.9680808131724045
200,981,0.8762627115999101,0.8964082279554141,0.9070597864018843,0.9618006985362019,0.915350858480401,0.9677255066729081
201,982,0.8749977130151501,0.895325518581442,0.9061040966218584,0.9613837787114687,0.9144458024641784,0.9673702001734117
202,983,0.8737328220532066,0.89424280920747,0.9051484068418324,0.9609668588867356,0.9135408510182638,0.9670148936739154
203,984,0.8724679310912631,0.8931600998334979,0.9041926096688657,0.9605499390620025,0.9126357950020412,0.9666595871744189
204,985,0.8710297673948068,0.891917903564368,0.9030943020634801,0.9600492648598427,0.9115873730934742,0.9662295925439731
205,986,0.8695916036983505,0.8906757072952379,0.9019958870651539,0.9595484877653272,0.9105388466145989,0.9657995979135271
206,987,0.8681535476247106,0.889433511026108,0.9008975794597683,0.9590478135631674,0.9094903201357238,0.9653696032830813
207,988,0.8667153839282544,0.8881912087856191,0.8997991644614421,0.9585470364686521,0.9084418982271568,0.9649396086526353
208,989,0.865277220231798,0.8869490125164892,0.8987008568560565,0.9580463622664922,0.9073933717482816,0.9645096140221895
209,990,0.8638391641581582,0.8857068162473593,0.8976024418577303,0.9575455851719769,0.9063448452694065,0.9640796193917437
210,991,0.8624010004617019,0.8844646199782292,0.8965041342523448,0.9570448080774615,0.9052964233608395,0.9636496247612977
211,992,0.8609628367652455,0.8832223177377405,0.8954057192540186,0.9565441338753016,0.9042478968819643,0.9632195276779973
212,993,0.8595246730687893,0.8819801214686105,0.894307411648633,0.9560433567807863,0.9031993704030893,0.9627895330475513
213,994,0.8580866169951494,0.8807379251994806,0.8932089966503068,0.9555426825786265,0.9021509484945222,0.9623595384171055
214,995,0.8566484532986932,0.8794957289303506,0.8921106890449212,0.955041905484111,0.9011024220156469,0.9619295437866595
215,996,0.8552102896022368,0.8782534266898617,0.891012274046595,0.9545412312819512,0.900053895536772,0.9614995491562137
216,997,0.8535899204775009,0.8768411463896829,0.8897549174959102,0.9539426035572974,0.8988503958613582,0.9609816499765844
217,998,0.8519694437299485,0.8754287601181454,0.8884975609452255,0.9533439758326435,0.8976468961859443,0.9604637507969552
218,999,0.8503489669823961,0.8740164798179666,0.8872402043945405,0.9527454510003452,0.8964433965105306,0.9599458516173259
219,1000,0.8487285978576602,0.8726040935464291,0.8859828478438557,0.9521468232756913,0.8952400014054249,0.9594279524376966
220,1001,0.8471081211101079,0.8711918132462503,0.884725491293171,0.9515481955510374,0.8940365017300111,0.9589100532580674
221,1002,0.8454877519853718,0.8697794269747128,0.8834680273495454,0.9509496707187391,0.8928330020545974,0.9583921540784381
222,1003,0.8438672752378196,0.868367146674534,0.8822106707988606,0.9503510429940852,0.8916295023791837,0.957874254898809
223,1004,0.8422467984902672,0.8669547604029965,0.8809533142481758,0.9497524152694313,0.8904260027037699,0.9573564581720342
224,1005,0.8406264293655311,0.8655424801028176,0.879695957697491,0.9491538904371329,0.8892225030283561,0.9568385589924049
225,1006,0.8390059526179788,0.8641300938312801,0.8784386011468063,0.9485552627124791,0.8880190033529423,0.9563206598127756
226,1007,0.8373855834932429,0.8627177075597424,0.8771812445961215,0.9479566349878252,0.8868155036775285,0.9558027606331464
227,1008,0.8357651067456905,0.8613054272595637,0.8759237806524959,0.947358110155527,0.8856120040021148,0.9552848614535171
228,1009,0.8339347655060263,0.8596922252628938,0.8744775199189742,0.9466333364029553,0.884220800623741,0.9546521126239642
229,1010,0.8321044242663622,0.8580789172948649,0.8730311517925117,0.9459085626503836,0.8828295972453671,0.9540194662472657
230,1011,0.8302740830266979,0.856465715298195,0.87158489105899,0.9451837888978118,0.8814383938669932,0.9533868198705673
231,1012,0.8284437417870338,0.854852513301525,0.8701385229325275,0.9444590151452403,0.8800471904886193,0.9527541734938688
232,1013,0.8266135081701862,0.8532392053334961,0.8686922621990057,0.9437341385003131,0.8786559871102456,0.9521215271171704
233,1014,0.8247831669305219,0.8516260033368263,0.8672458940725433,0.9430093647477414,0.8772647837318717,0.9514887782876174
234,1015,0.8229528256908578,0.8500128013401562,0.8657996333390215,0.9422845909951697,0.8758735803534978,0.950856131910919
235,1016,0.8211224844511935,0.8483995993434863,0.8643532652125591,0.9415598172425981,0.874482376975124,0.9502234855342205
236,1017,0.8192921432115294,0.8467862913754575,0.8629070044790373,0.9408350434900263,0.87309117359675,0.9495908391575221
237,1018,0.8174618019718652,0.8451730893787874,0.8614606363525749,0.9401102697374548,0.8716999702183763,0.9489580903279691
238,1019,0.815631460732201,0.8435598873821175,0.8600143756190531,0.9393854959848831,0.8703087668400025,0.9483254439512706
239,1020,0.813801119492537,0.8419465794140887,0.8585680074925907,0.9386607222323113,0.8689175634616285,0.9476927975745721
240,1021,0.8117525191810765,0.8401198451292172,0.8569137266327727,0.9377876805953763,0.8673226571231621,0.9469237864484995
241,1022,0.8097038112467996,0.838293110844346,0.8552594457729548,0.9369145360660858,0.8657277507846955,0.9461547753224269
242,1023,0.8076551033125227,0.8364663765594745,0.8536051649131369,0.9360413915367951,0.8641327398759211,0.9453857641963542
243,1024,0.8056063953782457,0.8346395363032443,0.8519508840533189,0.9351682470075044,0.8625378335374545,0.9446167530702816
244,1025,0.8035576874439688,0.8328128020183729,0.8502966031935009,0.9342951024782138,0.8609429271989881,0.943847741944209
245,1026,0.8015090871325085,0.8309860677335016,0.8486424297266237,0.9334219579489232,0.8593479162902136,0.9430786283652818
246,1027,0.7994603791982315,0.8291593334486301,0.8469881488668058,0.9325489163119881,0.8577530099517471,0.9423096172392091
247,1028,0.7974116712639547,0.8273324931924,0.8453338680069878,0.9316757717826976,0.8561581036132805,0.9415406061131365
248,1029,0.7953629633296777,0.8255057589075285,0.8436795871471698,0.9308026272534069,0.854563092704506,0.9407715949870639
249,1030,0.7933143630182172,0.8236790246226572,0.8420253062873518,0.9299294827241162,0.8529681863660395,0.9400025838609911
250,1031,0.7912656550839404,0.8218522903377858,0.8403710254275341,0.9290563381948256,0.8513731754572651,0.9392335727349185
251,1032,0.7892169471496635,0.8200255560529145,0.838716744567716,0.928183193665535,0.8497782691187985,0.938464561608846
252,1033,0.7869137112544408,0.8179444905066618,0.8368048280429602,0.9271135247371229,0.8479355311502399,0.9375128770431532
253,1034,0.7846104753592181,0.815863530931768,0.8348929115182043,0.9260439587010664,0.8460927931816813,0.9365611924774606
254,1035,0.7823072394639953,0.8137825713568743,0.8329809949934485,0.9249742897726543,0.8442500552131226,0.9356096103646226
255,1036,0.7800040035687725,0.8117015058106216,0.8310690784686926,0.923904620844242,0.842407317244564,0.9346579257989299
256,1037,0.7777007676735499,0.8096205462357279,0.8291571619439368,0.9228349519158299,0.8405645792760054,0.9337062412332373
257,1038,0.7753975317783272,0.807539586660834,0.8272452454191809,0.9217652829874178,0.8387218413074468,0.9327545566675447
258,1039,0.7730942958831044,0.8054586270859403,0.8253332215014842,0.9206956140590057,0.8368792079091961,0.9318028721018522
259,1040,0.7707910599878817,0.8033775615396875,0.8234213049767285,0.9196259451305936,0.8350364699406374,0.930851289989014
260,1041,0.7684878240926589,0.8012966019647938,0.8215093884519726,0.9185562762021814,0.8331937319720789,0.9298996054233214
261,1042,0.7661845881974362,0.7992156423899001,0.8195974719272169,0.9174866072737693,0.8313509940035203,0.9289479208576288
262,1043,0.7638813523022135,0.7971345768436473,0.8176855554024609,0.9164169383453572,0.8295082560349616,0.9279962362919362
263,1044,0.7615781164069908,0.7950536172687537,0.815773638877705,0.9153472694169451,0.827665518066403,0.9270445517262436
264,1045,0.7590199220595564,0.7927101666378426,0.8135858298880783,0.9140473273967874,0.82555947206216,0.9258758720146647
265,1046,0.756461727712122,0.7903666100355725,0.8113980208984515,0.9127472824842742,0.8234534260579169,0.924707192303086
266,1047,0.753903425741871,0.7880231594046614,0.8092102119088246,0.9114472375717609,0.8213473800536738,0.9235385125915071
267,1048,0.7513452313944365,0.7856797087737503,0.8070224029191979,0.9101472955516033,0.8192413340494308,0.9223698328799282
268,1049,0.7487870370470021,0.7833361521714803,0.804834593929571,0.9088472506390901,0.8171352880451878,0.9212011531683495
269,1050,0.7462287350767511,0.7809927015405692,0.8026467849399442,0.9075472057265769,0.8150292420409447,0.9200324734567705
270,1051,0.7436705407293167,0.7786492509096582,0.8004589759503175,0.9062472637064193,0.8129231960367017,0.9188637937451918
271,1052,0.7411123463818823,0.7763056943073883,0.7982711669606906,0.904947218793906,0.8108171500324586,0.917695114033613
272,1053,0.7385540444116314,0.7739622436764771,0.7960833579710639,0.9036471738813928,0.8087111040282156,0.9165264343220342
273,1054,0.735995850064197,0.771618793045566,0.793895548981437,0.9023472318612353,0.8066050580239725,0.9153577546104553
274,1055,0.7334375480939461,0.769275236443296,0.7917077399918102,0.9010471869487221,0.8044990120197295,0.9141890748988765
275,1056,0.7308793537465117,0.766931785812385,0.7895199310021834,0.8997471420362089,0.8023929660154865,0.9130203951872977
276,1057,0.7280766403600628,0.764327751609917,0.7870520412229951,0.8981881170647485,0.8000170240461515,0.9116039844734748
277,1058,0.7252740345964306,0.76172361143609,0.7845842588367475,0.8966290920932884,0.7976409775065084,0.9101876762125065
278,1059,0.7224713212099818,0.7591195772336219,0.7821164764505001,0.8950700671218281,0.7952650355371734,0.9087712654986837
279,1060,0.7196686078235329,0.756515543031154,0.7796485866713118,0.8935110421503679,0.7928889889975305,0.9073549572377153
280,1061,0.7168660020599007,0.753911402857327,0.7771808042850642,0.8919520171789077,0.7905130470281955,0.9059385465238925
281,1062,0.7140632886734519,0.7513073686548589,0.7747129145058759,0.8903929922074474,0.7881370004885525,0.9045222382629242
282,1063,0.7112605752870031,0.748703334452391,0.7722451321196284,0.8888339672359873,0.7857610585192175,0.9031058275491014
283,1064,0.7084579695233708,0.7460993002499229,0.769777349733381,0.887274942264527,0.7833850119795744,0.901689519288133
284,1065,0.705655256136922,0.743495160076096,0.7673094599541926,0.8857159172930668,0.7810090700102394,0.9002731085743102
285,1066,0.7028525427504733,0.7408911258736279,0.7648416775679451,0.8841568923216065,0.7786330234705965,0.8988568003133418
286,1067,0.7000499369868409,0.7382870916711599,0.7623737877887568,0.8825978673501462,0.7762570815012616,0.897440389599519
287,1068,0.6972472236003922,0.7356829514973329,0.7599060054025093,0.8810388423786861,0.7738810349616184,0.8960240813385507
288,1069,0.6942219462294884,0.7328313682004537,0.7571621157655092,0.8791955258288108,0.7712387524176656,0.8943317650874892
289,1070,0.6911966688585848,0.7299796789322156,0.7544183335214499,0.8773523121712911,0.7685964698737126,0.8926395512892821
290,1071,0.688171391487681,0.7271280956353365,0.7516744438844499,0.8755090985137713,0.7659541873297595,0.8909472350382206
291,1072,0.6851461141167773,0.7242764063670984,0.7489305542474498,0.8736657819638961,0.7633119047858066,0.889254918787159
292,1073,0.6821208367458735,0.7214248230702193,0.7461867720033906,0.8718225683063764,0.7606695176715454,0.8875627049889521
293,1074,0.6790955593749698,0.7185731338019812,0.7434428823663904,0.8699793546488568,0.7580272351275924,0.8858703887378905
294,1075,0.676070282004066,0.7157215505051019,0.7406991001223313,0.8681360380989814,0.7553849525836395,0.8841781749396835
295,1076,0.6730450046331623,0.7128698612368638,0.7379552104853313,0.8662928244414617,0.7527426700396865,0.882485858688622
296,1077,0.6700197272622586,0.7100182779399846,0.7352113208483312,0.8644495078915865,0.7501003874957336,0.880793644890415
297,1078,0.6669944498913548,0.7071665886717465,0.7324675386042719,0.8626062942340668,0.7474581049517806,0.8791013286393534
298,1079,0.6639691725204511,0.7043150053748674,0.7297236489672719,0.860763080576547,0.7448157178375194,0.8774091148411465
299,1080,0.6609438951495473,0.7014633161066293,0.7269797593302718,0.8589197640266717,0.7421734352935665,0.8757167985900849
300,1081,0.6577289863760276,0.6983888750419647,0.7239703943436567,0.8567709600731358,0.7392802885805877,0.8737233733995713
301,1082,0.6545141852253245,0.6953144339773002,0.7209610293570416,0.8546220532272444,0.736387141867609,0.871729845756203
302,1083,0.651299276451805,0.6922399929126355,0.7179516643704267,0.8524732492737086,0.7334938905843221,0.8697364205656894
303,1084,0.6480844753011018,0.689165551847971,0.7149421919908707,0.8503243424278172,0.7306007438713434,0.8677428929223212
304,1085,0.6448695665275821,0.6860911107833063,0.7119328270042556,0.8481755384742813,0.7277075971583645,0.865749365278953
305,1086,0.6416546577540625,0.6830166697186418,0.7089234620176406,0.8460266316283899,0.7248143458750778,0.8637559400884394
306,1087,0.6384398566033593,0.6799422286539774,0.7059140970310255,0.843877827674854,0.721921199162099,0.8617624124450711
307,1088,0.6352249478298397,0.6768677875893127,0.7029046246514696,0.8417289208289626,0.7190279478788122,0.8597689872545575
308,1089,0.6320101466791366,0.6737933465246482,0.6998952596648546,0.8395801168754267,0.7161348011658334,0.8577754596111894
309,1090,0.628795237905617,0.6707189054599835,0.6968858946782394,0.8374312100295352,0.7132416544528547,0.8557820344206758
310,1091,0.6255804367549137,0.667644464395319,0.6938764222986836,0.8352824060759994,0.7103484031695678,0.8537885067773076
311,1092,0.6223655279813942,0.6645700233306545,0.6908670573120684,0.8331334992301079,0.7074552564565891,0.851795081586794
312,1093,0.6189843419564321,0.6612870306316572,0.6876046745569693,0.8306514269369101,0.7043151146759826,0.8494673527319617
313,1094,0.6156030483086536,0.6580041439040188,0.6843422918018699,0.828169354643712,0.7011749728953761,0.847139726329984
314,1095,0.6122218622836917,0.6547212571763804,0.6810799090467706,0.8256872823505141,0.6980349356850778,0.8448119974751519
315,1096,0.6088405686359131,0.6514382644773832,0.6778174188987305,0.8232053129496717,0.6948947939044713,0.8424842686203197
316,1097,0.6054593826109511,0.6481553777497449,0.6745550361436311,0.8207232406564738,0.6917546521238648,0.840156642218342
317,1098,0.6020780889631725,0.6448724910221064,0.671292653388532,0.8182411683632759,0.6886145103432583,0.8378289133635098
318,1099,0.5986969029382105,0.6415894983231092,0.6680302706334326,0.8157590960700779,0.68547447313296,0.8355011845086776
319,1100,0.5953157169132485,0.638306611595471,0.6647678878783332,0.81327702377688,0.6823343313523534,0.8331735581067
320,1101,0.5919344232654701,0.6350237248678325,0.6615053977302932,0.810794951483682,0.6791941895717469,0.8308458292518678
321,1102,0.5885532372405079,0.6317407321688353,0.6582430149751938,0.8083128791904841,0.6760540477911404,0.8285181003970357
322,1103,0.5851719435927295,0.628457845441197,0.6549806322200945,0.8058308068972861,0.672913906010534,0.826190473995058
323,1104,0.5817907575677673,0.6251749587135585,0.6517182494649952,0.8033487346040882,0.6697738688002356,0.8238627451402257
324,1105,0.5782288728339563,0.6216611603948579,0.6482265827813246,0.8005106547606493,0.6663547334377363,0.821170898840408
325,1106,0.5746669881001452,0.618147362076157,0.6447350234905949,0.7976726778095657,0.662935702645545,0.8184789500877355
326,1107,0.5711051033663341,0.6146336697288152,0.6412433568069243,0.7948345979661269,0.6595165672830459,0.8157870013350632
327,1108,0.5675432186325229,0.6111198714101143,0.6377517975161946,0.7919965181226878,0.6560974319205467,0.8130951550352453
328,1109,0.5639813338987119,0.6076061790627725,0.634260130832524,0.7891585411716044,0.6526784011283554,0.810403206282573
329,1110,0.5604194491649007,0.6040923807440716,0.6307685715417943,0.7863204613281654,0.6492592657658562,0.8077113599827551
330,1111,0.5568575644310897,0.6005786883967297,0.6272769048581237,0.783482484377082,0.645840234973665,0.8050194112300828
331,1112,0.5532956796972786,0.5970648900780289,0.623785345567394,0.7806444045336429,0.6424210996111657,0.8023274624774104
332,1113,0.5497337949634674,0.593551197730687,0.6202937862766641,0.777806324690204,0.6390020688189746,0.7996356161775927
333,1114,0.5461719102296563,0.5900373994119862,0.6168021195929937,0.7749683477391205,0.6355829334564753,0.7969436674249203
334,1115,0.5426100254958452,0.5865237070646443,0.6133105603022638,0.7721302678956816,0.6321639026642841,0.794251718672248
335,1116,0.5390481407620341,0.5830099087459435,0.6098188936185933,0.7692921880522425,0.6287447673017849,0.7915598723724301
336,1117,0.5353042658455763,0.5792582047264921,0.6061403632179607,0.7661015989986516,0.6250315802330327,0.7884996056077366
337,1118,0.531560498551935,0.5755066066783998,0.6024617254243873,0.7629110099450606,0.6213184977345888,0.785439338843043
338,1119,0.5278167312582936,0.5717549026589486,0.5987831950237548,0.7597204208914697,0.6176053106658368,0.7823790720783494
339,1120,0.5240728563418359,0.5680033046108562,0.5951045572301814,0.7565298318378787,0.6138921235970847,0.7793188053136559
340,1121,0.5203290890481946,0.5642516005914049,0.591425919436608,0.7533391398919321,0.6101790410986407,0.7762585385489623
341,1122,0.5165853217545532,0.5604998965719538,0.5877473890359755,0.7501485508383412,0.6064658540298887,0.7731982717842688
342,1123,0.5128414468380955,0.5567482985238613,0.5840687512424021,0.7469579617847502,0.6027526669611366,0.7701380050195752
343,1124,0.5090976795444542,0.5529965945044102,0.5803902208417695,0.7437673727311592,0.5990394798923846,0.7670777382548817
344,1125,0.5053539122508128,0.5492448904849588,0.576711583048196,0.7405767836775683,0.5953263973939407,0.7640174714901881
345,1126,0.501610037334355,0.5454932924368665,0.5730330526475635,0.7373861946239774,0.5916132103251885,0.7609572047254946
346,1127,0.4978662700407137,0.5417415884174153,0.5693544148539902,0.7341956055703863,0.5879000232564365,0.7578969379608009
347,1128,0.49412250274707237,0.537989884397964,0.5656758844533575,0.7310049136244399,0.5841869407579925,0.7548366711961074
348,1129,0.4901884583139164,0.5339860745156685,0.5617669961947459,0.7273914369894932,0.5801568010855234,0.7513324762127523
349,1130,0.48625452150357684,0.5299821586620141,0.5578582153290751,0.7237780632469021,0.5761267659833624,0.7478283836822519
350,1131,0.4823205846932373,0.5259782428083597,0.5539494344634042,0.7201645866119554,0.5720967308812015,0.7443242911517514
351,1132,0.47838664788289775,0.5219743269547054,0.5500405462047926,0.7165511099770087,0.5680665912087324,0.7408200961683965
352,1133,0.4744526034497417,0.5179704111010509,0.5461317653391217,0.7129376333420621,0.5640365561065713,0.737316003637896
353,1134,0.4705186666394022,0.5139664952473965,0.54222287708051,0.7093241567071153,0.5600065210044103,0.733811808654541
354,1135,0.4665847298290627,0.509962685365101,0.5383140962148392,0.7057106800721688,0.5559763813319413,0.7303077161240404
355,1136,0.46265068539590665,0.5059587695114466,0.5344053153491682,0.702097203437222,0.5519463462297802,0.72680362359354
356,1137,0.4587167485855671,0.5019548536577922,0.5304964270905567,0.6984837268022753,0.5479163111276193,0.723299428610185
357,1138,0.4547828117752276,0.49795093780413785,0.5265876462248857,0.6948702501673286,0.5438861714551502,0.7197953360796846
358,1139,0.4508487673420716,0.49394702195048346,0.522678757966274,0.691256773532382,0.5398561363529892,0.7162911410963295
359,1140,0.44691483053173203,0.48994310609682906,0.5187699771006032,0.6876432968974354,0.5358261012508282,0.7127870485658291
360,1141,0.44285691223682183,0.48574928956800995,0.5146870048849828,0.6836222636421116,0.5315338038160633,0.7088447651765206
361,1142,0.4387991015647282,0.4815554730391908,0.5106040326693622,0.6796012303867879,0.5272416109516065,0.7049024817872122
362,1143,0.434741183269818,0.47736155053901275,0.5065210604537416,0.6755800942391084,0.5229493135168417,0.7009601983979038
363,1144,0.4306832649749078,0.47316773401019363,0.5024380882381211,0.6715590609837846,0.5186571206523849,0.6970180174614499
364,1145,0.426625454302814,0.4689738115100156,0.4983550086295598,0.6675380277284608,0.51436482321762,0.6930757340721414
365,1146,0.4225675360079038,0.4647799949811965,0.4942720364139392,0.6635168915807815,0.5100726303531632,0.6891334506828329
366,1147,0.41850972533581005,0.46058617845237737,0.4901890641983187,0.6594958583254578,0.5057803329183984,0.6851911672935246
367,1148,0.4144518070408999,0.4563922559521993,0.4861060919826981,0.655474825070134,0.5014881400539415,0.6812488839042161
368,1149,0.4103938887459897,0.45219843942338017,0.48202311976707757,0.6514536889224547,0.49719584261917665,0.6773066005149075
369,1150,0.406336078073896,0.44800462289456106,0.4779401475514571,0.6474326556671309,0.4929036497547199,0.6733644195784536
370,1151,0.4022781597789858,0.44381070039438303,0.4738571753358365,0.6434115195194515,0.488611352319955,0.6694221361891453
371,1152,0.398220349106892,0.4396168838655639,0.469774203120216,0.6393904862641278,0.48431915945549825,0.6654798527998368
372,1153,0.3941092651406469,0.4353036376152545,0.465581690104997,0.6349934843415841,0.47983162925559325,0.6611216108211525
373,1154,0.38999828879721815,0.43099028539358614,0.461389177089778,0.6305963795266849,0.47534399448538023,0.6567633688424682
374,1155,0.38588731245378943,0.4266770391432767,0.45719666407455906,0.6261992747117856,0.4708564642854753,0.6524052293166385
375,1156,0.3817763361103607,0.4223637928929672,0.45300415105934005,0.6218022727892419,0.4663689340855703,0.6480469873379542
376,1157,0.37766525214411556,0.41805054664265784,0.4488116380441211,0.6174051679743428,0.46188129931535726,0.6436887453592699
377,1158,0.37355427580068684,0.41373719442098944,0.4446191250289021,0.6130080631594436,0.45739376911545226,0.6393305033805856
378,1159,0.3694432994572581,0.40942394817068006,0.4404266120136831,0.6086110612368998,0.4529062389155473,0.634972363854756
379,1160,0.3653322154910129,0.40511070192037063,0.43623409899846416,0.6042139564220006,0.4484186041453343,0.6306141218760717
380,1161,0.36122123914758425,0.40079745567006114,0.43204158598324516,0.599816954499457,0.44393107394542936,0.6262558798973874
381,1162,0.35711026280415553,0.3964842094197517,0.4278490729680262,0.5954198496845579,0.4394435437455244,0.621897637918703
382,1163,0.3529992864607268,0.39217085719808337,0.4236565599528072,0.5910227448696586,0.4349560135456194,0.6175394983928734
383,1164,0.3488882024944816,0.38785761094777393,0.4194640469375882,0.5866257429471149,0.4304683787754064,0.6131812564141891
384,1165,0.34484083123558523,0.38355453794791977,0.41522084445431984,0.5818883731123754,0.4259265765856205,0.6084342058525783
385,1166,0.3407933523538724,0.3792515709194245,0.4109775345781106,0.577151003277636,0.4213847743958346,0.6036872577438221
386,1167,0.33674598109497605,0.3749484979195703,0.40673433209484217,0.5724136334428966,0.41684297220604866,0.5989402071822115
387,1168,0.3326985022132632,0.370645530891075,0.4024911296115737,0.567676263608157,0.41230127458657084,0.5941931566206008
388,1169,0.3286511309543668,0.36634245789122083,0.3982478197353645,0.5629389966657732,0.4077594723967849,0.5894461060589902
389,1170,0.324603652072654,0.3620394908627256,0.394004617252096,0.5582016268310338,0.403217670206999,0.5846991579502339
390,1171,0.32055617319094115,0.3577364178628714,0.3897614147688276,0.5534642569962943,0.3986758680172131,0.5799521073886234
391,1172,0.3165088019320448,0.3534334508343761,0.3855182122855591,0.5487268871615549,0.3941340658274272,0.5752050568270126
392,1173,0.312461323050332,0.3491303778345219,0.3812749024093499,0.5439895173268154,0.3895922636376413,0.5704581087182564
393,1174,0.3084139517914356,0.3448273048346678,0.37703169992608143,0.539252147492076,0.3850504614478554,0.5657110581566457
394,1175,0.30436647290972274,0.3405243378061725,0.372788497442813,0.5345147776573366,0.3805086592580695,0.5609640075950351
395,1176,0.30031910165082637,0.33622126480631825,0.36854518756660376,0.5297775107149527,0.3759668570682836,0.5562170594862789
396,1177,0.296436070432676,0.33204058872600384,0.3643601920572395,0.5248194367775348,0.37149292100842585,0.5511969720673562
397,1178,0.29255303921452563,0.3278598066743305,0.36017508915493457,0.5198614657324727,0.36701888037826,0.5461768846484335
398,1179,0.28867000799637527,0.3236791305940161,0.3559899862526296,0.514903391795055,0.36254483974809426,0.5411568996823655
399,1180,0.2847869767782249,0.31949834854234277,0.3518049907432655,0.5099454207499926,0.3580707991179285,0.5361368122634428
400,1181,0.28090394556007453,0.3153176724620284,0.3476198878409605,0.5049874497049305,0.3535968630580708,0.5311167248445201
401,1182,0.2770210219647406,0.311136890410355,0.34343478493865554,0.5000293757675126,0.34912282242790504,0.526096739878452
402,1183,0.27313799074659023,0.30695621433004056,0.3392496820363506,0.4950714047224505,0.3446487817977393,0.5210766524595294
403,1184,0.26925495952843986,0.3027755382497262,0.3350646865269864,0.4901134336773882,0.34017484573788154,0.5160565650406067
404,1185,0.2653719283102895,0.29859475619805287,0.3308795836246814,0.4851553597399705,0.33570080510771577,0.511036477621684
405,1186,0.2614888970921391,0.29441408011773845,0.32669448072237645,0.4801973886949082,0.33122676447755,0.5060164926556159
406,1187,0.25760586587398876,0.2902332980660651,0.3225094852130123,0.4752393147574904,0.3267528284176923,0.5009964052366933
407,1188,0.25372294227865483,0.2860526219857507,0.31832438231070737,0.4702813437124282,0.32227878778752655,0.49597631781777063
408,1189,0.2500606454570795,0.282059515210705,0.3143132559724705,0.46528705166585294,0.3179462307841602,0.4908753950966269
409,1190,0.24639845625832058,0.2780665144070182,0.31030223702717435,0.4602926567269221,0.31361356921048583,0.4857743699226286
410,1191,0.24273615943674523,0.2740734076319725,0.3062911106889375,0.4552983646803469,0.3092810122071195,0.48067334474863044
411,1192,0.23907397023798635,0.2700804068282857,0.3022800917436414,0.45030396974141607,0.30494845520375313,0.47557231957463214
412,1193,0.23541178103922744,0.26608730005324005,0.29826896540540454,0.4453096776948408,0.3006158982003868,0.47047139685348843
413,1194,0.23174948421765207,0.26209429924955324,0.2942579464601085,0.44031528275591,0.2962832366267124,0.4653703716794902
414,1195,0.2280872950188932,0.2581011924745075,0.2902469275148124,0.4353209907093348,0.2919506796233461,0.460269346505492
415,1196,0.22442499819731784,0.25410819167082077,0.28623580117657554,0.43032659577040394,0.28761812261997977,0.4551683213314937
416,1197,0.22076280899855893,0.25011519086713396,0.2822247822312795,0.4253323037238287,0.2832855656166135,0.45006729615749547
417,1198,0.21710061979980005,0.24612208409208827,0.27821365589304264,0.42033801167725343,0.27895290404293904,0.44496637343635176
418,1199,0.21343832297822468,0.2421290832884015,0.27420263694774655,0.4153436167383226,0.2746203470395728,0.4398653482623535
419,1200,0.20977613377946577,0.23813597651335577,0.2701915106095097,0.4103493246917474,0.27028779003620645,0.4347643230883553
420,1201,0.2063897818593133,0.23439751891376814,0.2664097755927849,0.40539896768099665,0.26617545810160553,0.42966360527292063
421,1202,0.20300353756197728,0.2306589553428216,0.26262804057606004,0.40044871356260153,0.2620630215966966,0.42456298991034047
422,1203,0.19961729326464128,0.22692049774323395,0.25884641295227595,0.39549845944420636,0.25795068966209567,0.4194622720949058
423,1204,0.1962309413444888,0.22318204014364632,0.25506467793555115,0.39054820532581125,0.2538383577274948,0.41436155427947113
424,1205,0.1928446970471528,0.21944347657269975,0.2512829429188263,0.3855978483150605,0.2497260257928939,0.40926093891689097
425,1206,0.18945845274981676,0.2157050189731121,0.24750120790210145,0.3806475941966654,0.24561358928798493,0.4041602211014563
426,1207,0.18607210082966427,0.21196656137352446,0.2437194728853766,0.3756973400782702,0.24150125735338404,0.39905960573887617
427,1208,0.18268585653232827,0.20822799780257792,0.23993773786865177,0.3707470859598751,0.23738892541878318,0.3939588879234415
428,1209,0.17929950461217578,0.20448954020299026,0.23615600285192692,0.3657968318414799,0.23327659348418228,0.3888581701080069
429,1210,0.17591326031483978,0.20075108260340263,0.2323742678352021,0.36084647483072924,0.2291641569792733,0.3837575547454267
430,1211,0.17252701601750378,0.19701251903245606,0.22859253281847727,0.35589622071233407,0.22505182504467242,0.378656836929992
431,1212,0.1691406640973513,0.1932740614328684,0.22481090519469318,0.35094596659393895,0.22093949311007155,0.3735561191145574
432,1213,0.16611893827939098,0.18990247667782334,0.22134340192269877,0.3462053042038215,0.2171873013164147,0.36863397662456165
433,1214,0.1630971048386142,0.18653089192277827,0.21787589865070434,0.34146453892134854,0.2134352140930659,0.36371183413456587
434,1215,0.16007527139783742,0.18315930716773318,0.21440850277165072,0.3367238765312312,0.20968302229940905,0.35878958919171566
435,1216,0.15705343795706064,0.1797877224126881,0.21094099949965628,0.33198321414111376,0.2059308305057522,0.35386744670171993
436,1217,0.15403171213910033,0.176416137657643,0.20747360362060266,0.32724255175099637,0.2021787432824034,0.3489452017588696
437,1218,0.15100987869832355,0.17304455290259793,0.2040061003486082,0.322501889360879,0.19842655148874658,0.34402305926887394
438,1219,0.1479880452575468,0.16967296814755284,0.20053870446955457,0.3177612269707616,0.1946743596950897,0.3391009167788782
439,1220,0.14496621181677,0.16630138339250775,0.19707120119756014,0.3130205645806442,0.1909222724717409,0.3341786718360279
440,1221,0.14194437837599322,0.16292979863746265,0.19360380531850652,0.3082797992981713,0.18717008067808408,0.32925652934603217
441,1222,0.1389226525580329,0.15955821388241756,0.19013630204651208,0.30353913690805384,0.18341788888442723,0.32433438685603644
442,1223,0.13590081911725613,0.1561866291273725,0.18666890616745846,0.29879847451793645,0.17966580166107843,0.3194121419131862
443,1224,0.13287898567647935,0.15281504437232743,0.18320140289546402,0.29405781212781906,0.17591360986742158,0.31448999942319045
444,1225,0.13024706969976463,0.1498476343801608,0.18008421539630304,0.2896051454409169,0.17257311137658027,0.30983095586361764
445,1226,0.12761504610023344,0.14688022438799422,0.17696702789714205,0.2851524787540147,0.16923271745604698,0.30517191230404483
446,1227,0.12498302250070224,0.14391292036718653,0.17384994779092183,0.2806998120671126,0.16589221896520567,0.30051286874447203
447,1228,0.12235099890117104,0.14094551037501993,0.17073276029176085,0.2762471453802104,0.16255172047436436,0.2958538251848993
448,1229,0.11971908292445632,0.13797810038285332,0.16761557279259984,0.2717945815856638,0.15921122198352305,0.29119478162532647
449,1230,0.11708705932492512,0.13501079636204566,0.16449838529343885,0.26734191489876163,0.1558708280629898,0.28653573806575366
450,1231,0.11445503572539394,0.13204338636987903,0.16138130518721863,0.26288924821185944,0.1525303295721485,0.28187669450618086
451,1232,0.1118231197486792,0.12907597637771245,0.15826411768805768,0.2584365815249573,0.14918983108130718,0.27721765094660805
452,1233,0.109191096149148,0.12610856638554585,0.15514693018889666,0.25398391483805516,0.14584933259046587,0.27255860738703525
453,1234,0.10655907254961682,0.12314126236473816,0.15202974268973568,0.24953124815115296,0.1425089386699326,0.26789956382746244
454,1235,0.10392704895008562,0.12017385237257157,0.14891266258351546,0.24507858146425082,0.1391684401790913,0.26324052026788963
455,1236,0.10129513297337088,0.11720644238040497,0.14579547508435445,0.2406260176697042,0.13582794168824996,0.2585814767083168
456,1237,0.09906637206714373,0.11466821639181936,0.14305534420028182,0.23653656099793238,0.1329383503657451,0.2542689287027512
457,1238,0.09683761116091656,0.11212988443187484,0.14031532070914995,0.23244710432616053,0.13004875904324023,0.24995648315004007
458,1239,0.0946088502546894,0.10959165844328922,0.1375751898250773,0.22835764765438868,0.12715927229104343,0.24564403759732895
459,1240,0.09238008934846223,0.1070533264833447,0.13483516633394543,0.22426819098261686,0.12426968096853855,0.24133148959176332
460,1241,0.09015132844223507,0.10451499452340017,0.13209503544987278,0.220178734310845,0.1213800896460337,0.23701904403905216
461,1242,0.08792256753600791,0.10197676853481456,0.1293550119587409,0.21608927763907315,0.11849049832352881,0.23270649603348653
462,1243,0.08569380662978074,0.09943843657487003,0.12661488107466826,0.21199982096730133,0.11560090700102395,0.2283940504807754
463,1244,0.08346515334637004,0.09690021058628442,0.1238748575835364,0.20791036429552948,0.11271131567851908,0.22408160492806425
464,1245,0.08123639244014288,0.0943618786263399,0.12113472669946375,0.20382090762375762,0.10982182892632227,0.21976905692249862
465,1246,0.07900763153391573,0.0918236526377543,0.11839470320833188,0.1997314509519858,0.1069322376038174,0.2154566113697875
466,1247,0.07677887062768855,0.08928532067780977,0.11565457232425923,0.19564199428021395,0.10404264628131253,0.21114416581707637
467,1248,0.0745501097214614,0.08674698871786524,0.11291454883312736,0.1915525376084421,0.10115305495880766,0.20683161781151072
468,1249,0.07272418101727238,0.08464737818380352,0.11056704654055657,0.1878932738752708,0.0987371671317954,0.20294271235941036
469,1250,0.07089825231308339,0.08254776764974178,0.10821965164092655,0.18423411303445505,0.09632127930478313,0.1990539093601645
470,1251,0.06907232360889438,0.08044815711568004,0.10587214934835573,0.18057484930128373,0.09390539147777086,0.19516500390806416
471,1252,0.06724639490470538,0.0783485465816183,0.10352475444872573,0.17691568846046798,0.09148950365075859,0.1912760984559638
472,1253,0.06542046620051638,0.07624893604755656,0.10117725215615492,0.1732564247272967,0.08907361582374633,0.1873871930038634
473,1254,0.06359453749632737,0.07414932551349483,0.09882985725652489,0.16959726388648091,0.08665772799673406,0.18349828755176303
474,1255,0.061768608792138364,0.07204971497943309,0.09648235496395409,0.16593800015330962,0.08424184016972179,0.17960938209966265
475,1256,0.05994278771076583,0.06994999847401243,0.09413496006432406,0.16227883931249387,0.08182595234270952,0.1757204766475623
476,1257,0.05811685900657683,0.0678503879399507,0.09178745777175328,0.15861957557932255,0.07941016908600532,0.17183157119546194
477,1258,0.056290930302387826,0.06575077740588896,0.08944006287212325,0.1549604147385068,0.07699428125899305,0.16794266574336153
478,1259,0.05446500159819883,0.06365116687182722,0.08709256057955245,0.15130125389769106,0.07457839343198078,0.16405376029126117
479,1260,0.05263907289400982,0.06155155633776548,0.08474516567992244,0.14764199016451973,0.07216250560496852,0.1601648548391608
480,1261,0.05120058632910411,0.05988271937766836,0.08279297680237303,0.14446652628719622,0.07022314467176635,0.1567640347860226
481,1262,0.04976209976419841,0.058213882417571236,0.08084078792482365,0.1412909595175172,0.0682837837385642,0.15336321473288442
482,1263,0.04832372082210917,0.056544939486115206,0.07888859904727426,0.13811549564019365,0.06634442280536203,0.14996239467974623
483,1264,0.046885234257203465,0.05487610252601809,0.07693641016972488,0.13493992887051462,0.06440506187215987,0.14656157462660802
484,1265,0.04544674769229776,0.053207265565920966,0.07498432868511626,0.1317644649931911,0.06246570093895771,0.1431607545734698
485,1266,0.04400826112739205,0.051538428605823854,0.07303213980756688,0.12858889822351202,0.06052634000575555,0.1397599345203316
486,1267,0.04256988218530281,0.049869485674367824,0.0710799509300175,0.12541343434618854,0.05858697907255339,0.13635911446719343
487,1268,0.0411313956203971,0.0482006487142707,0.06912776205246811,0.12223786757650947,0.05664761813935123,0.13295829441405524
488,1269,0.0396929090554914,0.046531811754173584,0.06717557317491872,0.11906240369918597,0.054708361776457125,0.12955747436091702
489,1270,0.03825442249058569,0.04486297479407646,0.06522349169031011,0.1158868369295069,0.05276900084325496,0.12615665430777884
490,1271,0.03681593592567999,0.04319413783397933,0.06327130281276072,0.1127113730521834,0.0508296399100528,0.12275583425464062
491,1272,0.035377556983590755,0.04152519490252331,0.06131911393521134,0.10953580628250434,0.048890278976850644,0.11935501420150244
492,1273,0.034296162923724484,0.040260850619381394,0.05975106960684196,0.1068783025230749,0.047408099430468274,0.11648766616188146
493,1274,0.03321487648667468,0.038996506336239495,0.058182917885531794,0.10422069587128989,0.0459259198840859,0.11362031812226049
494,1275,0.03213359004962488,0.03773216205309759,0.056614873557162416,0.10156319211186045,0.04444384490801159,0.1107529700826395
495,1276,0.03105230361257508,0.03646781776995568,0.055046721835852255,0.09890558546007545,0.04296166536162922,0.10788562204301852
496,1277,0.02997090955270881,0.035203473486813776,0.05347867750748287,0.09624808170064601,0.04147948581524685,0.10501827400339754
497,1278,0.028889623115659013,0.03393912920367187,0.051910633179113486,0.09359057794121657,0.03999730626886448,0.10215082351092204
498,1279,0.027808336678609213,0.032674784920529956,0.050342481457803324,0.09093297128943156,0.03851512672248212,0.09928347547130106
499,1280,0.026726942618742946,0.03141044063738806,0.04877443712943395,0.08827546753000212,0.0370330517464078,0.09641612743168008
500,1281,0.025645656181693146,0.030146202325605057,0.04720628540812378,0.08561786087821713,0.03555087220002543,0.09354877939205912
501,1282,0.024564369744643343,0.02888185804246315,0.0456382410797544,0.08296035711878769,0.03406869265364306,0.09068143135243813
502,1283,0.023483083307593543,0.02761751375932124,0.04407019675138502,0.08030285335935824,0.03258651310726069,0.08781408331281715
503,1284,0.022401689247727275,0.026353169476179335,0.042502045030074855,0.07764524670757324,0.03110443813118638,0.08494673527319617
504,1285,0.021634769057579283,0.02545092932642909,0.04129301530274231,0.0755158894092384,0.030039494113946498,0.08263304245943405
505,1286,0.02086784886743129,0.024548689176678844,0.04008387818246898,0.07338642921854799,0.028974654667014675,0.08031934964567192
506,1287,0.0201009286772833,0.0236465549982875,0.03887484845513643,0.07125696902785758,0.027909815220082852,0.07800555437905528
507,1288,0.019334008487135304,0.02274431484853726,0.037665711334863114,0.06912761172952274,0.02684497577315103,0.07569186156529316
508,1289,0.01856719591980378,0.02184218067014592,0.03645657421458978,0.06699815153883235,0.025780136326219207,0.0733780662986765
509,1290,0.01780027572965579,0.02093994052039567,0.03524754448725723,0.06486869134814194,0.02471529687928738,0.07106437348491439
510,1291,0.017033355539507796,0.020037806342004336,0.03403840736698391,0.0627393340498071,0.023650457432355557,0.06875068067115225
511,1292,0.016266435349359804,0.019135566192254087,0.032829377639651366,0.060609873859116696,0.022585617985423734,0.06643688540453561
512,1293,0.015499515159211814,0.01823343201386275,0.031620240519378034,0.058480413668426295,0.02152077853849191,0.0641231925907735
513,1294,0.014732594969063822,0.017331191864112503,0.03041121079204549,0.056351056370091454,0.02045593909156009,0.06180949977701136
514,1295,0.013965674778915829,0.016429057685721164,0.02920207367177216,0.05422159617940105,0.019390995074320207,0.059495704510394716
515,1296,0.013198754588767837,0.015526817535970919,0.027993043944439615,0.05209213598871065,0.018326155627388385,0.05718201169663259
516,1297,0.012707779300042727,0.014949273629917496,0.027105119110047586,0.05047363923573617,0.01764456635948093,0.055412138634694824
517,1298,0.012216804011317615,0.014371729723864073,0.026217194275655557,0.04885503959040611,0.016962872521265417,0.05364226557275705
518,1299,0.011725936345408972,0.01379418581781065,0.025329376834204307,0.047236542837431617,0.016281178683049905,0.051872494963673806
519,1300,0.011234961056683862,0.013216641911757226,0.024441451999812278,0.04561794319210157,0.015599484844834394,0.05010262190173603
520,1301,0.01074398576795875,0.012639098005703803,0.023553527165420245,0.04399934354677152,0.014917895576926937,0.04833274883979826
521,1302,0.010253118102050107,0.01206155409965038,0.022665709723969,0.042380846793797035,0.014236201738711426,0.046562875777860495
522,1303,0.009762142813324997,0.011484010193596956,0.021777784889576966,0.04076224714846698,0.013554507900495914,0.04479310516877725
523,1304,0.009271167524599885,0.010906466287543532,0.020889860055184936,0.03914375039549249,0.012872918632588458,0.043023232106839476
524,1305,0.008780192235874774,0.01032892238149011,0.020002042613733687,0.037525150750162446,0.012191224794372946,0.041253359044901704
525,1306,0.00828932456996613,0.009751484446795597,0.019114117779341657,0.035906653997187954,0.011509530956157435,0.03948348598296393
526,1307,0.0077983492812410205,0.009173940540742173,0.018226300337890407,0.034288054351857895,0.010827837117941923,0.037713612921026166
527,1308,0.0073073739925159096,0.00859639663468875,0.017338375503498378,0.03266945470652785,0.010146247850034465,0.035943842311942927
528,1309,0.007011518870046525,0.008248280720673063,0.01672365831045774,0.031516648754822435,0.009735391109683376,0.0346765005014555
529,1310,0.006715663747577141,0.007900164806657376,0.01610904851035789,0.03036384280311702,0.00932453436933229,0.0334092611438226
530,1311,0.006419701002291289,0.0075520488926416884,0.015494331317317252,0.029210933959056044,0.0089136776289812,0.032141919333335184
531,1312,0.0061238458798219065,0.007203932978626001,0.014879721517217396,0.028058128007350632,0.008502820888630112,0.03087467997570228
532,1313,0.005827883134536055,0.006855923035969223,0.01426500432417676,0.026905322055645216,0.008091964148279023,0.029607440618069386
533,1314,0.00553202801206667,0.006507807121953536,0.013650394524076907,0.025752516103939797,0.007681107407927935,0.02834009880758196
534,1315,0.005236065266780819,0.0061596912079378485,0.013035677331036269,0.024599607259878822,0.007270250667576846,0.02707285944994907
535,1316,0.004940210144311435,0.005811575293922162,0.012421067530936416,0.02344680130817341,0.006859393927225758,0.025805517639461643
536,1317,0.00464435502184205,0.005463565351265383,0.01180635033789578,0.022293995356467994,0.006448537186874669,0.024538278281828748
537,1318,0.004348392276556199,0.005115449437249696,0.011191740537795924,0.021141086512407016,0.006037680446523581,0.023270936471341326
538,1319,0.004052537154086815,0.0047673335232340085,0.010577023344755288,0.019988280560701604,0.0056268237061724916,0.02200369711370843
539,1320,0.0037565744088009635,0.004419217609218321,0.009962413544655435,0.018835474608996188,0.005215966965821404,0.02073635530322101
540,1321,0.003590727648624419,0.0042240183661081555,0.009574295456666465,0.018101646329135152,0.00498559857717456,0.01992861699813751
541,1322,0.003424773265631407,0.00402881912299799,0.009186177368677495,0.017367920941629682,0.004755230188527717,0.019120776240199488
542,1323,0.003258818882638395,0.003833619879887823,0.008798166673629308,0.01663419555412421,0.004524757229572817,0.018312935482261466
543,1324,0.003092864499645383,0.003638420636777657,0.00841004858564034,0.015900470166618736,0.004294388840925974,0.01750519717717797
544,1325,0.0029269101166523705,0.0034432213936674907,0.00802193049765137,0.015166641886757702,0.004064020452279131,0.016697356419239952
545,1326,0.002761063356475826,0.0032480221505573246,0.007633812409662401,0.01443291649925223,0.0038336520636322873,0.01588951566130193
546,1327,0.0025951089734828144,0.003052822907447159,0.0072456943216734305,0.013699191111746757,0.0036031791046773876,0.015081777356218434
547,1328,0.0024291545904898022,0.002857623664336992,0.006857683626625245,0.012965362831885723,0.0033728107160305447,0.014273936598280412
548,1329,0.00226320020749679,0.0026624244212268265,0.0064695655386362745,0.01223163744438025,0.003142442327383701,0.01346609584034239
549,1330,0.002097245824503778,0.00246722517811666,0.006081447450647305,0.01149791205687478,0.0029120739387368576,0.012658357535258893
550,1331,0.001931291441510766,0.002272025935006494,0.005693329362658335,0.010764186669369307,0.0026816009797819584,0.011850516777320873
551,1332,0.0017654446813342216,0.002076826691896328,0.005305211274669367,0.010030358389508272,0.0024512325911351146,0.01104267601938285
552,1333,0.0016802074106918965,0.0019765777863685226,0.005079578706084744,0.009603663790996817,0.0023328590024159924,0.010572929681380842
553,1334,0.0015949701400495711,0.0018763288808407174,0.004853838744559339,0.009176866300129798,0.002214589984004926,0.010103080890524311
554,1335,0.0015097328694072458,0.0017760799753129123,0.004628098783033934,0.008750171701618343,0.002096216395285803,0.009633232099667778
555,1336,0.0014244955987649205,0.0016757250984261983,0.004402358821508529,0.008323374210751324,0.0019779473768747366,0.009163383308811243
556,1337,0.0013392583281225954,0.0015754761928983931,0.004176618859983124,0.007896576719884309,0.001859573788155614,0.00869353451795471
557,1338,0.00125402105748027,0.0014752272873705878,0.003950986291398502,0.007469882121372851,0.0017412001994364914,0.008223788179952701
558,1339,0.0011687837868379447,0.0013749783818427827,0.003725246329873097,0.007043084630505835,0.0016229311810254247,0.007753939389096169
559,1340,0.001083654139012087,0.0012747294763149775,0.0034995063683476916,0.006616390031994377,0.0015045575923063022,0.007284090598239635
560,1341,0.000998416868369762,0.0011744805707871722,0.003273766406822287,0.006189592541127361,0.0013861840035871798,0.006814241807383102
561,1342,0.0009131795977274366,0.001074231665259367,0.0030480264452968815,0.005762795050260344,0.0012679149851761132,0.006344393016526568
562,1343,0.0008279423270851113,0.0009739827597315619,0.0028223938767122595,0.005336100451748887,0.0011495413964569905,0.00587464667852456
563,1344,0.0007427050564427861,0.0008737338542037567,0.0025966539151868547,0.00490930296088187,0.001031272378045924,0.005404797887668026
564,1345,0.0007034227284321185,0.0008275303417194828,0.0024757294638654437,0.004680779039180894,0.0009766866772408162,0.005153276129806537
565,1346,0.0006642480232379186,0.000781326829235209,0.0023549124054848152,0.00445235800983548,0.0009222055467437642,0.004901651919090522
566,1347,0.000624965695227251,0.0007352292881098439,0.002234095347104187,0.004223834088134505,0.0008677244162467123,0.004650130161229033
567,1348,0.0005856833672165835,0.0006890257756255702,0.002113170895782776,0.0039953101664335295,0.0008132432857496604,0.004398608403367543
568,1349,0.0005465086620223834,0.0006428222631412963,0.0019923538374021477,0.0037668891370881154,0.0007587621552526084,0.004146984192651528
569,1350,0.0005072263340117158,0.0005967247220159314,0.0018715367790215192,0.0035383652153871403,0.0007042810247555564,0.0038954624347900388
570,1351,0.00046794400600104827,0.0005505212095316575,0.001750612327700108,0.0033098412936861652,0.0006497998942585044,0.0036439406769285493
571,1352,0.00042876930080684825,0.0005043176970473836,0.0016297952693194798,0.0030813173719851897,0.0005953187637614525,0.003392316466212534
572,1353,0.00038948697279618066,0.00045822015592201864,0.0015089782109388515,0.0028528963426397752,0.0005408376332644006,0.003140794708351045
573,1354,0.0003502046447855131,0.00041201664343774484,0.0013880537596174405,0.0026243724209388,0.00048635650276734866,0.0028892729504895556
574,1355,0.0003110299395913131,0.00036591910231237985,0.0012672367012368123,0.002395848499237825,0.00043187537227029664,0.0026376487397735404
575,1356,0.00027174761158064553,0.000319715589828106,0.001146419642856184,0.0021674274698924106,0.0003773942417732447,0.002386126981912051
576,1357,0.00025603468037637854,0.0003011706020190511,0.0010878904901295684,0.0020569210800198993,0.0003555390473895905,0.0022645154435896125
577,1358,0.0002403217491721115,0.00028273158556890515,0.0010294687303437358,0.0019464146901473883,0.00033368385300593627,0.002142801452412647
578,1359,0.00022460881796784445,0.00026418659775985027,0.0009710469705579032,0.0018359083002748768,0.000311828658622282,0.002021189914090208
579,1360,0.00020889588676357743,0.0002457475813097043,0.0009126252107720703,0.0017254019104023658,0.0002899734642386278,0.0018994759229132429
580,1361,0.00019318295555931038,0.00022720259350064942,0.0008540960580454549,0.0016148955205298546,0.0002681182698549735,0.0017778643845908037
581,1362,0.0001773624015385758,0.00020865760569159454,0.0007956742982596222,0.001504389130657343,0.00024636764577937506,0.0016562528462683648
582,1363,0.00016164947033430876,0.00019021858924144855,0.0007372525384737895,0.001393882740784832,0.0002245124513957208,0.0015345388550913998
583,1364,0.0001459365391300417,0.00017167360143239367,0.0006788307786879568,0.0012833763509123208,0.00020265725701206657,0.0014129273167689607
584,1365,0.0001302236079257747,0.00015323458498224768,0.0006204090189021242,0.0011728699610398096,0.00018080206262841234,0.0012912133255919957
585,1366,0.00011451067672150767,0.0001346895971731928,0.0005618798661755086,0.0010623635711672983,0.0001589468682447581,0.0011696017872695566
586,1367,9.879774551724063e-05,0.00011614460936413793,0.000503458106389676,0.0009518571812947871,0.0001371962441691596,0.0010479902489471176
587,1368,8.308481431297361e-05,9.770559291399195e-05,0.0004450363466038432,0.000841350791422276,0.00011534104978550538,0.0009262762577701526
588,1369,7.781129630606206e-05,9.155925409727664e-05,0.00042012118434223806,0.0007943289849309,0.00010802112822160204,0.0008745375662344898
589,1370,7.253777829915054e-05,8.530694392165242e-05,0.0003953134150214158,0.0007473071784395242,0.00010070120665769871,0.0008227988746988271
590,1371,6.7264260292239e-05,7.916060510493708e-05,0.0003703982527598106,0.0007002853719481484,9.338128509379538e-05,0.0007709577303086383
591,1372,6.199074228532746e-05,7.301426628822175e-05,0.0003455904834389883,0.0006532635654567726,8.616593383794782e-05,0.0007192190387729755
592,1373,5.68248470948835e-05,6.676195611259753e-05,0.00032067532117738317,0.0006062417589653968,7.884601227404448e-05,0.0006674803472373127
593,1374,5.155132908797196e-05,6.061561729588221e-05,0.000295760158915778,0.000559219952474021,7.152609071014115e-05,0.0006157416557016499
594,1375,4.627781108106043e-05,5.446927847916688e-05,0.0002709523895949557,0.0005123010383382061,6.42061691462378e-05,0.000563900511311461
595,1376,4.1004293074148896e-05,4.821696830354267e-05,0.00024603722733335055,0.00046527923184683034,5.6990817890390236e-05,0.0005121618197757984
596,1377,3.573077506723736e-05,4.2070629486827344e-05,0.00022122945801252825,0.00041825742535545453,4.9670896326486906e-05,0.00046042312824013553
597,1378,3.0457257060325818e-05,3.592429067011201e-05,0.00019631429575092313,0.0003712356188640787,4.235097476258357e-05,0.0004086844367044728
598,1379,2.5291361869881864e-05,2.9671980494487794e-05,0.00017150652643010077,0.00032421381237270286,3.503105319868024e-05,0.00035694574516881
599,1380,2.0017843862970327e-05,2.3525641677772467e-05,0.00014659136416849566,0.000277192005881327,2.7711131634776904e-05,0.00030510460077862124
600,1381,1.8618747248891755e-05,2.193607129413919e-05,0.00013757035714274208,0.00026021476721376245,2.582886608977319e-05,0.00028645818125487744
601,1382,1.7219650634813183e-05,2.0240529551597033e-05,0.0001286567430577713,0.0002432375285461979,2.3946600544769476e-05,0.0002678117617311336
602,1383,1.582055402073461e-05,1.865095916796376e-05,0.0001196357360320177,0.00022626028987863332,2.2064334999765762e-05,0.00024906288935286374
603,1384,1.4529080223123623e-05,1.7061388784330482e-05,0.00011072212194704689,0.00020928305121106875,2.0077499146706285e-05,0.00023041646982911992
604,1385,1.3129983609045051e-05,1.547181840069721e-05,0.00010170111492129333,0.00019230581254350417,1.819523360170257e-05,0.0002117700503053761
605,1386,1.173088699496648e-05,1.3776276658155047e-05,9.278750083632253e-05,0.0001754314662315006,1.6312968056698858e-05,0.0001931236307816323
606,1387,1.033179038088791e-05,1.2186706274521773e-05,8.376649381056894e-05,0.00015845422756393602,1.4430702511695144e-05,0.00017437475840336242
607,1388,9.04031658327692e-06,1.0597135890888498e-05,7.485287972559815e-05,0.00014147698889637145,1.2443866658635667e-05,0.00015572833887961862
608,1389,7.64121996919835e-06,9.007565507255224e-06,6.583187269984456e-05,0.00012449975022880687,1.0561601113631952e-05,0.00013708191935587482
609,1390,6.242123355119779e-06,7.312023764713064e-06,5.691825861487377e-05,0.0001075225115612423,8.67933556862824e-06,0.000118435499832131
610,1391,4.843026741041208e-06,5.72245338107979e-06,4.7897251589120196e-05,9.054527289367773e-05,6.797070023624524e-06,9.968662745386113e-05
611,1392,3.443930126962637e-06,4.132882997446514e-06,3.8983637504149394e-05,7.367092658167414e-05,4.810234170565047e-06,8.104020793011732e-05
612,1393,3.228684494027472e-06,3.814968920719859e-06,3.629881398457987e-05,6.873209351474627e-05,4.4965232463977615e-06,7.561020664023588e-05
613,1394,3.0134388610923068e-06,3.4970548439932043e-06,3.3721383405793135e-05,6.37932604478184e-05,4.182812322230476e-06,7.028265820488051e-05
614,1395,2.69057041168956e-06,3.1791407672665494e-06,3.1143952827006406e-05,5.885442738089053e-05,3.7645310900074285e-06,6.485265691499906e-05
615,1396,2.4753247787543948e-06,2.861226690539895e-06,2.8566522248219666e-05,5.401848666952365e-05,3.4508201658401426e-06,5.942265562511763e-05
616,1397,2.152456329351648e-06,2.5433126138132395e-06,2.5989091669432927e-05,4.9079653602595775e-05,3.032538933617095e-06,5.3992654335236196e-05
617,1398,1.9372106964164832e-06,2.33136989599547e-06,2.330426814986341e-05,4.414082053566789e-05,2.7188280094498096e-06,4.856265304535475e-05
618,1399,1.7219650634813184e-06,2.0134558192688146e-06,2.0726837571076675e-05,3.9201987468740016e-05,2.300546777226762e-06,4.323510460999938e-05
619,1400,1.399096614078571e-06,1.6955417425421599e-06,1.8149406992289935e-05,3.4366046757373136e-05,1.9868358530594762e-06,3.780510332011794e-05
620,1401,1.1838509811434065e-06,1.3776276658155047e-06,1.5571976413503203e-05,2.9427213690445264e-05,1.6731249288921905e-06,3.23751020302365e-05
621,1402,9.686053482082416e-07,1.0597135890888498e-06,1.2994545834716464e-05,2.4488380623517388e-05,1.2548436966691428e-06,2.6945100740355064e-05
622,1403,6.457368988054944e-07,7.417995123621949e-07,1.0309722315146947e-05,1.954954755658951e-05,9.411327725018571e-07,2.1515099450473626e-05
623,1404,4.304912658703296e-07,4.2388543563553997e-07,7.732291736360211e-06,1.4610714489661633e-05,5.228515402788096e-07,1.618755101511825e-05
624,1405,3.228684494027472e-07,4.2388543563553997e-07,7.195327032446307e-06,1.3581790934051658e-05,5.228515402788096e-07,1.4958116760805473e-05
625,1406,3.228684494027472e-07,4.2388543563553997e-07,6.658362328532404e-06,1.2552867378441684e-05,5.228515402788096e-07,1.3831135361018759e-05
626,1407,3.228684494027472e-07,3.1791407672665494e-07,6.1213976246185e-06,1.152394382283171e-05,4.1828123222304763e-07,1.2601701106705981e-05
627,1408,3.228684494027472e-07,3.1791407672665494e-07,5.4770399799218155e-06,1.0392127911660738e-05,4.1828123222304763e-07,1.1474719706919267e-05
628,1409,2.152456329351648e-07,3.1791407672665494e-07,4.940075276007912e-06,9.363204356050765e-06,3.137109241672857e-07,1.0347738307132552e-05
629,1410,2.152456329351648e-07,2.1194271781776998e-07,4.403110572094008e-06,8.33428080044079e-06,3.137109241672857e-07,9.118304052819775e-06
630,1411,2.152456329351648e-07,2.1194271781776998e-07,3.8661458681801055e-06,7.305357244830816e-06,2.0914061611152382e-07,7.99132265303306e-06
631,1412,1.076228164675824e-07,2.1194271781776998e-07,3.329181164266202e-06,6.173541333659845e-06,2.0914061611152382e-07,6.864341253246347e-06
632,1413,1.076228164675824e-07,1.0597135890888499e-07,2.6848235195695174e-06,5.1446177780498705e-06,2.0914061611152382e-07,5.634906998933569e-06
633,1414,1.076228164675824e-07,1.0597135890888499e-07,2.147858815655614e-06,4.115694222439897e-06,1.0457030805576191e-07,4.507925599146855e-06
634,1415,1.076228164675824e-07,1.0597135890888499e-07,1.6108941117417106e-06,3.0867706668299224e-06,1.0457030805576191e-07,3.380944199360141e-06
635,1416,0.0,0.0,1.073929407827807e-06,1.9549547556589508e-06,0.0,2.1515099450473627e-06
636,1417,0.0,0.0,9.665364670450264e-07,1.8520624000979536e-06,0.0,2.0490570905212975e-06
637,1418,0.0,0.0,8.591435262622456e-07,1.6462776889759587e-06,0.0,1.844151381469168e-06
638,1419,0.0,0.0,7.517505854794648e-07,1.5433853334149612e-06,0.0,1.6392456724170381e-06
639,1420,0.0,0.0,7.517505854794648e-07,1.3376006222929665e-06,0.0,1.5367928178909731e-06
640,1421,0.0,0.0,6.443576446966842e-07,1.234708266731969e-06,0.0,1.3318871088388436e-06
641,1422,0.0,0.0,5.369647039139035e-07,1.0289235556099743e-06,0.0,1.1269813997867138e-06
642,1423,0.0,0.0,4.295717631311228e-07,9.260312000489768e-07,0.0,1.0245285452606488e-06
643,1424,0.0,0.0,4.295717631311228e-07,7.202464889269819e-07,0.0,8.196228362085191e-07
644,1425,0.0,0.0,3.221788223483421e-07,6.173541333659845e-07,0.0,6.147171271563893e-07
645,1426,0.0,0.0,2.147858815655614e-07,4.115694222439897e-07,0.0,5.122642726303244e-07
646,1427,0.0,0.0,1.073929407827807e-07,3.0867706668299224e-07,0.0,3.0735856357819464e-07
647,1428,0.0,0.0,1.073929407827807e-07,1.0289235556099742e-07,0.0,1.0245285452606488e-07
648,1429,0.0,0.0,1.073929407827807e-07,1.0289235556099742e-07,0.0,1.0245285452606488e-07
649,1430,0.0,0.0,1.073929407827807e-07,1.0289235556099742e-07,0.0,1.0245285452606488e-07
650,1431,0.0,0.0,0.0,1.0289235556099742e-07,0.0,1.0245285452606488e-07
651,1432,0.0,0.0,0.0,1.0289235556099742e-07,0.0,1.0245285452606488e-07
652,1433,0.0,0.0,0.0,1.0289235556099742e-07,0.0,1.0245285452606488e-07
653,1434,0.0,0.0,0.0,1.0289235556099742e-07,0.0,1.0245285452606488e-07
654,1435,0.0,0.0,0.0,1.0289235556099742e-07,0.0,1.0245285452606488e-07
655,1436,0.0,0.0,0.0,0.0,0.0,0.0
656,1437,0.0,0.0,0.0,0.0,0.0,0.0
657,1438,0.0,0.0,0.0,0.0,0.0,0.0
658,1439,0.0,0.0,0.0,0.0,0.0,0.0
659,1440,0.0,0.0,0.0,0.0,0.0,0.0
