Joan_var,Pere_var,Marta_var,Claudia_var,Marc_var,Maria_var
0.0,0.0,0.0,0.0,0.0,0.0
890.99,1323.46,1278.66,1480.15,1950.67,1638.18
890.99,1323.46,1278.66,1494.95,1950.67,1638.18
890.99,1323.46,1278.66,1494.95,1950.67,1638.18
890.99,1323.46,1278.66,1494.95,1950.67,1654.56
890.99,1323.46,1278.66,1494.95,1950.67,1654.56
899.9,1323.46,1278.66,1494.95,1970.18,1654.56
899.9,1323.46,1278.66,1494.95,1970.18,1654.56
899.9,1323.46,1278.66,1494.95,1970.18,1654.56
899.9,1323.46,1278.66,1494.95,1970.18,1654.56
899.9,1323.46,1291.45,1494.95,1970.18,1654.56
899.9,1323.46,1291.45,1494.95,1970.18,1654.56
899.9,1323.46,1291.45,1494.95,1970.18,1654.56
899.9,1336.7,1291.45,1494.95,1970.18,1654.56
899.9,1336.7,1291.45,1509.9,1970.18,1654.56
899.9,1336.7,1291.45,1509.9,1970.18,1654.56
899.9,1336.7,1291.45,1509.9,1970.18,1671.11
899.9,1336.7,1291.45,1509.9,1970.18,1671.11
908.9,1336.7,1291.45,1509.9,1989.88,1671.11
908.9,1336.7,1291.45,1509.9,1989.88,1671.11
908.9,1336.7,1291.45,1509.9,1989.88,1671.11
908.9,1336.7,1291.45,1509.9,1989.88,1671.11
908.9,1336.7,1304.36,1509.9,1989.88,1671.11
908.9,1336.7,1304.36,1509.9,1989.88,1671.11
908.9,1336.7,1304.36,1509.9,1989.88,1671.11
908.9,1350.07,1304.36,1509.9,1989.88,1671.11
908.9,1350.07,1304.36,1525.0,1989.88,1671.11
908.9,1350.07,1304.36,1525.0,1989.88,1671.11
908.9,1350.07,1304.36,1525.0,1989.88,1687.82
908.9,1350.07,1304.36,1525.0,1989.88,1687.82
917.99,1350.07,1304.36,1525.0,2009.78,1687.82
917.99,1350.07,1304.36,1525.0,2009.78,1687.82
917.99,1350.07,1304.36,1525.0,2009.78,1687.82
917.99,1350.07,1304.36,1525.0,2009.78,1687.82
917.99,1350.07,1317.4,1525.0,2009.78,1687.82
917.99,1350.07,1317.4,1525.0,2009.78,1687.82
917.99,1350.07,1317.4,1525.0,2009.78,1687.82
917.99,1363.57,1317.4,1525.0,2009.78,1687.82
917.99,1363.57,1317.4,1540.25,2009.78,1687.82
917.99,1363.57,1317.4,1540.25,2009.78,1687.82
917.99,1363.57,1317.4,1540.25,2009.78,1704.7
917.99,1363.57,1317.4,1540.25,2009.78,1704.7
927.17,1363.57,1317.4,1540.25,2029.88,1704.7
927.17,1363.57,1317.4,1540.25,2029.88,1704.7
927.17,1363.57,1317.4,1540.25,2029.88,1704.7
927.17,1363.57,1317.4,1540.25,2029.88,1704.7
927.17,1363.57,1330.58,1540.25,2029.88,1704.7
927.17,1363.57,1330.58,1540.25,2029.88,1704.7
927.17,1363.57,1330.58,1540.25,2029.88,1704.7
927.17,1377.2,1330.58,1540.25,2029.88,1704.7
927.17,1377.2,1330.58,1555.65,2029.88,1704.7
927.17,1377.2,1330.58,1555.65,2029.88,1704.7
927.17,1377.2,1330.58,1555.65,2029.88,1721.74
927.17,1377.2,1330.58,1555.65,2029.88,1721.74
936.44,1377.2,1330.58,1555.65,2050.17,1721.74
936.44,1377.2,1330.58,1555.65,2050.17,1721.74
936.44,1377.2,1330.58,1555.65,2050.17,1721.74
936.44,1377.2,1330.58,1555.65,2050.17,1721.74
936.44,1377.2,1343.88,1555.65,2050.17,1721.74
936.44,1377.2,1343.88,1555.65,2050.17,1721.74
936.44,1377.2,1343.88,1555.65,2050.17,1721.74
936.44,1390.97,1343.88,1555.65,2050.17,1721.74
936.44,1390.97,1343.88,1571.21,2050.17,1721.74
936.44,1390.97,1343.88,1571.21,2050.17,1721.74
936.44,1390.97,1343.88,1571.21,2050.17,1738.96
936.44,1390.97,1343.88,1571.21,2050.17,1738.96
945.8,1390.97,1343.88,1571.21,2070.68,1738.96
945.8,1390.97,1343.88,1571.21,2070.68,1738.96
945.8,1390.97,1343.88,1571.21,2070.68,1738.96
945.8,1390.97,1343.88,1571.21,2070.68,1738.96
945.8,1390.97,1357.32,1571.21,2070.68,1738.96
945.8,1390.97,1357.32,1571.21,2070.68,1738.96
945.8,1390.97,1357.32,1571.21,2070.68,1738.96
945.8,1404.88,1357.32,1571.21,2070.68,1738.96
945.8,1404.88,1357.32,1586.92,2070.68,1738.96
945.8,1404.88,1357.32,1586.92,2070.68,1738.96
945.8,1404.88,1357.32,1586.92,2070.68,1756.35
945.8,1404.88,1357.32,1586.92,2070.68,1756.35
955.26,1404.88,1357.32,1586.92,2091.38,1756.35
955.26,1404.88,1357.32,1586.92,2091.38,1756.35
955.26,1404.88,1357.32,1586.92,2091.38,1756.35
955.26,1404.88,1357.32,1586.92,2091.38,1756.35
955.26,1404.88,1370.9,1586.92,2091.38,1756.35
955.26,1404.88,1370.9,1586.92,2091.38,1756.35
955.26,1404.88,1370.9,1586.92,2091.38,1756.35
955.26,1418.93,1370.9,1586.92,2091.38,1756.35
955.26,1418.93,1370.9,1602.79,2091.38,1756.35
955.26,1418.93,1370.9,1602.79,2091.38,1756.35
955.26,1418.93,1370.9,1602.79,2091.38,1773.91
955.26,1418.93,1370.9,1602.79,2091.38,1773.91
964.81,1418.93,1370.9,1602.79,2112.3,1773.91
964.81,1418.93,1370.9,1602.79,2112.3,1773.91
964.81,1418.93,1370.9,1602.79,2112.3,1773.91
964.81,1418.93,1370.9,1602.79,2112.3,1773.91
964.81,1418.93,1384.61,1602.79,2112.3,1773.91
964.81,1418.93,1384.61,1602.79,2112.3,1773.91
964.81,1418.93,1384.61,1602.79,2112.3,1773.91
964.81,1433.12,1384.61,1602.79,2112.3,1773.91
964.81,1433.12,1384.61,1618.82,2112.3,1773.91
964.81,1433.12,1384.61,1618.82,2112.3,1773.91
964.81,1433.12,1384.61,1618.82,2112.3,1791.65
964.81,1433.12,1384.61,1618.82,2112.3,1791.65
974.46,1433.12,1384.61,1618.82,2133.42,1791.65
974.46,1433.12,1384.61,1618.82,2133.42,1791.65
974.46,1433.12,1384.61,1618.82,2133.42,1791.65
974.46,1433.12,1384.61,1618.82,2133.42,1791.65
974.46,1433.12,1398.45,1618.82,2133.42,1791.65
974.46,1433.12,1398.45,1618.82,2133.42,1791.65
974.46,1433.12,1398.45,1618.82,2133.42,1791.65
974.46,1447.45,1398.45,1618.82,2133.42,1791.65
974.46,1447.45,1398.45,1635.01,2133.42,1791.65
974.46,1447.45,1398.45,1635.01,2133.42,1791.65
974.46,1447.45,1398.45,1635.01,2133.42,1809.57
974.46,1447.45,1398.45,1635.01,2133.42,1809.57
984.21,1447.45,1398.45,1635.01,2154.75,1809.57
984.21,1447.45,1398.45,1635.01,2154.75,1809.57
984.21,1447.45,1398.45,1635.01,2154.75,1809.57
984.21,1447.45,1398.45,1635.01,2154.75,1809.57
984.21,1447.45,1412.44,1635.01,2154.75,1809.57
984.21,1447.45,1412.44,1635.01,2154.75,1809.57
984.21,1447.45,1412.44,1635.01,2154.75,1809.57
984.21,1461.93,1412.44,1635.01,2154.75,1809.57
984.21,1461.93,1412.44,1651.36,2154.75,1809.57
984.21,1461.93,1412.44,1651.36,2154.75,1809.57
984.21,1461.93,1412.44,1651.36,2154.75,1827.67
984.21,1461.93,1412.44,1651.36,2154.75,1827.67
994.05,1461.93,1412.44,1651.36,2176.3,1827.67
994.05,1461.93,1412.44,1651.36,2176.3,1827.67
994.05,1461.93,1412.44,1651.36,2176.3,1827.67
994.05,1461.93,1412.44,1651.36,2176.3,1827.67
994.05,1461.93,1426.56,1651.36,2176.3,1827.67
994.05,1461.93,1426.56,1651.36,2176.3,1827.67
994.05,1461.93,1426.56,1651.36,2176.3,1827.67
994.05,1476.55,1426.56,1651.36,2176.3,1827.67
994.05,1476.55,1426.56,1667.87,2176.3,1827.67
994.05,1476.55,1426.56,1667.87,2176.3,1827.67
994.05,1476.55,1426.56,1667.87,2176.3,1845.94
994.05,1476.55,1426.56,1667.87,2176.3,1845.94
1003.99,1476.55,1426.56,1667.87,2198.06,1845.94
1003.99,1476.55,1426.56,1667.87,2198.06,1845.94
1003.99,1476.55,1426.56,1667.87,2198.06,1845.94
1003.99,1476.55,1426.56,1667.87,2198.06,1845.94
1003.99,1476.55,1440.83,1667.87,2198.06,1845.94
1003.99,1476.55,1440.83,1667.87,2198.06,1845.94
1003.99,1476.55,1440.83,1667.87,2198.06,1845.94
1003.99,1491.31,1440.83,1667.87,2198.06,1845.94
1003.99,1491.31,1440.83,1684.55,2198.06,1845.94
1003.99,1491.31,1440.83,1684.55,2198.06,1845.94
1003.99,1491.31,1440.83,1684.55,2198.06,1864.4
1003.99,1491.31,1440.83,1684.55,2198.06,1864.4
1014.03,1491.31,1440.83,1684.55,2220.04,1864.4
1014.03,1491.31,1440.83,1684.55,2220.04,1864.4
1014.03,1491.31,1440.83,1684.55,2220.04,1864.4
1014.03,1491.31,1440.83,1684.55,2220.04,1864.4
1014.03,1491.31,1455.23,1684.55,2220.04,1864.4
1014.03,1491.31,1455.23,1684.55,2220.04,1864.4
1014.03,1491.31,1455.23,1684.55,2220.04,1864.4
1014.03,1506.23,1455.23,1684.55,2220.04,1864.4
1014.03,1506.23,1455.23,1701.39,2220.04,1864.4
1014.03,1506.23,1455.23,1701.39,2220.04,1864.4
1014.03,1506.23,1455.23,1701.39,2220.04,1883.05
1014.03,1506.23,1455.23,1701.39,2220.04,1883.05
1024.17,1506.23,1455.23,1701.39,2242.24,1883.05
1024.17,1506.23,1455.23,1701.39,2242.24,1883.05
1024.17,1506.23,1455.23,1701.39,2242.24,1883.05
1024.17,1506.23,1455.23,1701.39,2242.24,1883.05
1024.17,1506.23,1469.79,1701.39,2242.24,1883.05
1024.17,1506.23,1469.79,1701.39,2242.24,1883.05
1024.17,1506.23,1469.79,1701.39,2242.24,1883.05
1024.17,1521.29,1469.79,1701.39,2242.24,1883.05
1024.17,1521.29,1469.79,1718.41,2242.24,1883.05
1024.17,1521.29,1469.79,1718.41,2242.24,1883.05
1024.17,1521.29,1469.79,1718.41,2242.24,1901.88
1024.17,1521.29,1469.79,1718.41,2242.24,1901.88
1034.41,1521.29,1469.79,1718.41,2264.67,1901.88
1034.41,1521.29,1469.79,1718.41,2264.67,1901.88
1034.41,1521.29,1469.79,1718.41,2264.67,1901.88
1034.41,1521.29,1469.79,1718.41,2264.67,1901.88
1034.41,1521.29,1484.48,1718.41,2264.67,1901.88
1034.41,1521.29,1484.48,1718.41,2264.67,1901.88
1034.41,1521.29,1484.48,1718.41,2264.67,1901.88
1034.41,1536.5,1484.48,1718.41,2264.67,1901.88
1034.41,1536.5,1484.48,1735.59,2264.67,1901.88
1034.41,1536.5,1484.48,1735.59,2264.67,1901.88
1034.41,1536.5,1484.48,1735.59,2264.67,1920.89
1034.41,1536.5,1484.48,1735.59,2264.67,1920.89
1044.76,1536.5,1484.48,1735.59,2287.31,1920.89
1044.76,1536.5,1484.48,1735.59,2287.31,1920.89
1044.76,1536.5,1484.48,1735.59,2287.31,1920.89
1044.76,1536.5,1484.48,1735.59,2287.31,1920.89
1044.76,1536.5,1499.33,1735.59,2287.31,1920.89
1044.76,1536.5,1499.33,1735.59,2287.31,1920.89
1044.76,1536.5,1499.33,1735.59,2287.31,1920.89
1044.76,1551.87,1499.33,1735.59,2287.31,1920.89
1044.76,1551.87,1499.33,1752.95,2287.31,1920.89
1044.76,1551.87,1499.33,1752.95,2287.31,1920.89
1044.76,1551.87,1499.33,1752.95,2287.31,1940.1
1044.76,1551.87,1499.33,1752.95,2287.31,1940.1
1055.2,1551.87,1499.33,1752.95,2310.19,1940.1
1055.2,1551.87,1499.33,1752.95,2310.19,1940.1
1055.2,1551.87,1499.33,1752.95,2310.19,1940.1
1055.2,1551.87,1499.33,1752.95,2310.19,1940.1
1055.2,1551.87,1514.32,1752.95,2310.19,1940.1
1055.2,1551.87,1514.32,1752.95,2310.19,1940.1
1055.2,1551.87,1514.32,1752.95,2310.19,1940.1
1055.2,1567.38,1514.32,1752.95,2310.19,1940.1
1055.2,1567.38,1514.32,1770.48,2310.19,1940.1
1055.2,1567.38,1514.32,1770.48,2310.19,1940.1
1055.2,1567.38,1514.32,1770.48,2310.19,1959.5
1055.2,1567.38,1514.32,1770.48,2310.19,1959.5
1065.76,1567.38,1514.32,1770.48,2333.29,1959.5
1065.76,1567.38,1514.32,1770.48,2333.29,1959.5
1065.76,1567.38,1514.32,1770.48,2333.29,1959.5
1065.76,1567.38,1514.32,1770.48,2333.29,1959.5
1065.76,1567.38,1529.47,1770.48,2333.29,1959.5
1065.76,1567.38,1529.47,1770.48,2333.29,1959.5
1065.76,1567.38,1529.47,1770.48,2333.29,1959.5
1065.76,1583.06,1529.47,1770.48,2333.29,1959.5
1065.76,1583.06,1529.47,1788.18,2333.29,1959.5
1065.76,1583.06,1529.47,1788.18,2333.29,1959.5
1065.76,1583.06,1529.47,1788.18,2333.29,1979.1
1065.76,1583.06,1529.47,1788.18,2333.29,1979.1
1076.41,1583.06,1529.47,1788.18,2356.62,1979.1
1076.41,1583.06,1529.47,1788.18,2356.62,1979.1
1076.41,1583.06,1529.47,1788.18,2356.62,1979.1
1076.41,1583.06,1529.47,1788.18,2356.62,1979.1
1076.41,1583.06,1544.76,1788.18,2356.62,1979.1
1076.41,1583.06,1544.76,1788.18,2356.62,1979.1
1076.41,1583.06,1544.76,1788.18,2356.62,1979.1
1076.41,1598.89,1544.76,1788.18,2356.62,1979.1
1076.41,1598.89,1544.76,1806.06,2356.62,1979.1
1076.41,1598.89,1544.76,1806.06,2356.62,1979.1
1076.41,1598.89,1544.76,1806.06,2356.62,1998.89
1076.41,1598.89,1544.76,1806.06,2356.62,1998.89
1087.18,1598.89,1544.76,1806.06,2380.19,1998.89
1087.18,1598.89,1544.76,1806.06,2380.19,1998.89
1087.18,1598.89,1544.76,1806.06,2380.19,1998.89
1087.18,1598.89,1544.76,1806.06,2380.19,1998.89
1087.18,1598.89,1560.21,1806.06,2380.19,1998.89
1087.18,1598.89,1560.21,1806.06,2380.19,1998.89
1087.18,1598.89,1560.21,1806.06,2380.19,1998.89
1087.18,1614.88,1560.21,1806.06,2380.19,1998.89
1087.18,1614.88,1560.21,1824.12,2380.19,1998.89
1087.18,1614.88,1560.21,1824.12,2380.19,1998.89
1087.18,1614.88,1560.21,1824.12,2380.19,2018.88
1087.18,1614.88,1560.21,1824.12,2380.19,2018.88
1098.05,1614.88,1560.21,1824.12,2403.99,2018.88
1098.05,1614.88,1560.21,1824.12,2403.99,2018.88
1098.05,1614.88,1560.21,1824.12,2403.99,2018.88
1098.05,1614.88,1560.21,1824.12,2403.99,2018.88
1098.05,1614.88,1575.81,1824.12,2403.99,2018.88
1098.05,1614.88,1575.81,1824.12,2403.99,2018.88
1098.05,1614.88,1575.81,1824.12,2403.99,2018.88
1098.05,1631.03,1575.81,1824.12,2403.99,2018.88
1098.05,1631.03,1575.81,1842.37,2403.99,2018.88
1098.05,1631.03,1575.81,1842.37,2403.99,2018.88
1098.05,1631.03,1575.81,1842.37,2403.99,2039.07
1098.05,1631.03,1575.81,1842.37,2403.99,2039.07
1109.03,1631.03,1575.81,1842.37,2428.03,2039.07
1109.03,1631.03,1575.81,1842.37,2428.03,2039.07
1109.03,1631.03,1575.81,1842.37,2428.03,2039.07
1109.03,1631.03,1575.81,1842.37,2428.03,2039.07
1109.03,1631.03,1591.57,1842.37,2428.03,2039.07
1109.03,1631.03,1591.57,1842.37,2428.03,2039.07
1109.03,1631.03,1591.57,1842.37,2428.03,2039.07
1109.03,1647.34,1591.57,1842.37,2428.03,2039.07
1109.03,1647.34,1591.57,1860.79,2428.03,2039.07
1109.03,1647.34,1591.57,1860.79,2428.03,2039.07
1109.03,1647.34,1591.57,1860.79,2428.03,2059.46
1109.03,1647.34,1591.57,1860.79,2428.03,2059.46
1120.12,1647.34,1591.57,1860.79,2452.31,2059.46
1120.12,1647.34,1591.57,1860.79,2452.31,2059.46
1120.12,1647.34,1591.57,1860.79,2452.31,2059.46
1120.12,1647.34,1591.57,1860.79,2452.31,2059.46
1120.12,1647.34,1607.48,1860.79,2452.31,2059.46
1120.12,1647.34,1607.48,1860.79,2452.31,2059.46
1120.12,1647.34,1607.48,1860.79,2452.31,2059.46
1120.12,1663.81,1607.48,1860.79,2452.31,2059.46
1120.12,1663.81,1607.48,1879.4,2452.31,2059.46
1120.12,1663.81,1607.48,1879.4,2452.31,2059.46
1120.12,1663.81,1607.48,1879.4,2452.31,2080.05
1120.12,1663.81,1607.48,1879.4,2452.31,2080.05
1131.32,1663.81,1607.48,1879.4,2476.83,2080.05
1131.32,1663.81,1607.48,1879.4,2476.83,2080.05
1131.32,1663.81,1607.48,1879.4,2476.83,2080.05
1131.32,1663.81,1607.48,1879.4,2476.83,2080.05
1131.32,1663.81,1623.56,1879.4,2476.83,2080.05
1131.32,1663.81,1623.56,1879.4,2476.83,2080.05
1131.32,1663.81,1623.56,1879.4,2476.83,2080.05
1131.32,1680.45,1623.56,1879.4,2476.83,2080.05
1131.32,1680.45,1623.56,1898.19,2476.83,2080.05
1131.32,1680.45,1623.56,1898.19,2476.83,2080.05
1131.32,1680.45,1623.56,1898.19,2476.83,2100.85
1131.32,1680.45,1623.56,1898.19,2476.83,2100.85
1142.63,1680.45,1623.56,1898.19,2501.6,2100.85
1142.63,1680.45,1623.56,1898.19,2501.6,2100.85
1142.63,1680.45,1623.56,1898.19,2501.6,2100.85
1142.63,1680.45,1623.56,1898.19,2501.6,2100.85
1142.63,1680.45,1639.79,1898.19,2501.6,2100.85
1142.63,1680.45,1639.79,1898.19,2501.6,2100.85
1142.63,1680.45,1639.79,1898.19,2501.6,2100.85
1142.63,1697.25,1639.79,1898.19,2501.6,2100.85
1142.63,1697.25,1639.79,1917.17,2501.6,2100.85
1142.63,1697.25,1639.79,1917.17,2501.6,2100.85
1142.63,1697.25,1639.79,1917.17,2501.6,2121.86
1142.63,1697.25,1639.79,1917.17,2501.6,2121.86
1154.06,1697.25,1639.79,1917.17,2526.62,2121.86
1154.06,1697.25,1639.79,1917.17,2526.62,2121.86
1154.06,1697.25,1639.79,1917.17,2526.62,2121.86
1154.06,1697.25,1639.79,1917.17,2526.62,2121.86
1154.06,1697.25,1656.19,1917.17,2526.62,2121.86
1154.06,1697.25,1656.19,1917.17,2526.62,2121.86
1154.06,1697.25,1656.19,1917.17,2526.62,2121.86
1154.06,1714.22,1656.19,1917.17,2526.62,2121.86
1154.06,1714.22,1656.19,1936.35,2526.62,2121.86
1154.06,1714.22,1656.19,1936.35,2526.62,2121.86
1154.06,1714.22,1656.19,1936.35,2526.62,2143.08
1154.06,1714.22,1656.19,1936.35,2526.62,2143.08
1165.6,1714.22,1656.19,1936.35,2551.88,2143.08
1165.6,1714.22,1656.19,1936.35,2551.88,2143.08
1165.6,1714.22,1656.19,1936.35,2551.88,2143.08
1165.6,1714.22,1656.19,1936.35,2551.88,2143.08
1165.6,1714.22,1672.75,1936.35,2551.88,2143.08
1165.6,1714.22,1672.75,1936.35,2551.88,2143.08
1165.6,1714.22,1672.75,1936.35,2551.88,2143.08
1165.6,1731.37,1672.75,1936.35,2551.88,2143.08
1165.6,1731.37,1672.75,1955.71,2551.88,2143.08
1165.6,1731.37,1672.75,1955.71,2551.88,2143.08
1165.6,1731.37,1672.75,1955.71,2551.88,2164.51
1165.6,1731.37,1672.75,1955.71,2551.88,2164.51
1177.26,1731.37,1672.75,1955.71,2577.4,2164.51
1177.26,1731.37,1672.75,1955.71,2577.4,2164.51
1177.26,1731.37,1672.75,1955.71,2577.4,2164.51
1177.26,1731.37,1672.75,1955.71,2577.4,2164.51
1177.26,1731.37,1689.48,1955.71,2577.4,2164.51
1177.26,1731.37,1689.48,1955.71,2577.4,2164.51
1177.26,1731.37,1689.48,1955.71,2577.4,2164.51
1177.26,1748.68,1689.48,1955.71,2577.4,2164.51
1177.26,1748.68,1689.48,1975.27,2577.4,2164.51
1177.26,1748.68,1689.48,1975.27,2577.4,2164.51
1177.26,1748.68,1689.48,1975.27,2577.4,2186.16
1177.26,1748.68,1689.48,1975.27,2577.4,2186.16
1189.03,1748.68,1689.48,1975.27,2603.18,2186.16
1189.03,1748.68,1689.48,1975.27,2603.18,2186.16
1189.03,1748.68,1689.48,1975.27,2603.18,2186.16
1189.03,1748.68,1689.48,1975.27,2603.18,2186.16
1189.03,1748.68,1706.38,1975.27,2603.18,2186.16
1189.03,1748.68,1706.38,1975.27,2603.18,2186.16
1189.03,1748.68,1706.38,1975.27,2603.18,2186.16
1189.03,1766.17,1706.38,1975.27,2603.18,2186.16
1189.03,1766.17,1706.38,1995.02,2603.18,2186.16
1189.03,1766.17,1706.38,1995.02,2603.18,2186.16
1189.03,1766.17,1706.38,1995.02,2603.18,2208.02
1189.03,1766.17,1706.38,1995.02,2603.18,2208.02
1200.92,1766.17,1706.38,1995.02,2629.21,2208.02
1200.92,1766.17,1706.38,1995.02,2629.21,2208.02
1200.92,1766.17,1706.38,1995.02,2629.21,2208.02
1200.92,1766.17,1706.38,1995.02,2629.21,2208.02
1200.92,1766.17,1723.44,1995.02,2629.21,2208.02
1200.92,1766.17,1723.44,1995.02,2629.21,2208.02
1200.92,1766.17,1723.44,1995.02,2629.21,2208.02
1200.92,1783.83,1723.44,1995.02,2629.21,2208.02
1200.92,1783.83,1723.44,2014.97,2629.21,2208.02
1200.92,1783.83,1723.44,2014.97,2629.21,2208.02
1200.92,1783.83,1723.44,2014.97,2629.21,2230.1
1200.92,1783.83,1723.44,2014.97,2629.21,2230.1
1212.93,1783.83,1723.44,2014.97,2655.5,2230.1
1212.93,1783.83,1723.44,2014.97,2655.5,2230.1
1212.93,1783.83,1723.44,2014.97,2655.5,2230.1
1212.93,1783.83,1723.44,2014.97,2655.5,2230.1
1212.93,1783.83,1740.67,2014.97,2655.5,2230.1
1212.93,1783.83,1740.67,2014.97,2655.5,2230.1
1212.93,1783.83,1740.67,2014.97,2655.5,2230.1
1212.93,1801.67,1740.67,2014.97,2655.5,2230.1
1212.93,1801.67,1740.67,2035.12,2655.5,2230.1
1212.93,1801.67,1740.67,2035.12,2655.5,2230.1
1212.93,1801.67,1740.67,2035.12,2655.5,2252.4
1212.93,1801.67,1740.67,2035.12,2655.5,2252.4
1225.06,1801.67,1740.67,2035.12,2682.06,2252.4
1225.06,1801.67,1740.67,2035.12,2682.06,2252.4
1225.06,1801.67,1740.67,2035.12,2682.06,2252.4
1225.06,1801.67,1740.67,2035.12,2682.06,2252.4
1225.06,1801.67,1758.08,2035.12,2682.06,2252.4
1225.06,1801.67,1758.08,2035.12,2682.06,2252.4
1225.06,1801.67,1758.08,2035.12,2682.06,2252.4
1225.06,1819.68,1758.08,2035.12,2682.06,2252.4
1225.06,1819.68,1758.08,2055.47,2682.06,2252.4
1225.06,1819.68,1758.08,2055.47,2682.06,2252.4
1225.06,1819.68,1758.08,2055.47,2682.06,2274.92
1225.06,1819.68,1758.08,2055.47,2682.06,2274.92
1237.31,1819.68,1758.08,2055.47,2708.88,2274.92
1237.31,1819.68,1758.08,2055.47,2708.88,2274.92
1237.31,1819.68,1758.08,2055.47,2708.88,2274.92
1237.31,1819.68,1758.08,2055.47,2708.88,2274.92
1237.31,1819.68,1775.66,2055.47,2708.88,2274.92
1237.31,1819.68,1775.66,2055.47,2708.88,2274.92
1237.31,1819.68,1775.66,2055.47,2708.88,2274.92
1237.31,1837.88,1775.66,2055.47,2708.88,2274.92
1237.31,1837.88,1775.66,2076.02,2708.88,2274.92
1237.31,1837.88,1775.66,2076.02,2708.88,2274.92
1237.31,1837.88,1775.66,2076.02,2708.88,2297.67
1237.31,1837.88,1775.66,2076.02,2708.88,2297.67
1249.68,1837.88,1775.66,2076.02,2735.96,2297.67
1249.68,1837.88,1775.66,2076.02,2735.96,2297.67
1249.68,1837.88,1775.66,2076.02,2735.96,2297.67
1249.68,1837.88,1775.66,2076.02,2735.96,2297.67
1249.68,1837.88,1793.42,2076.02,2735.96,2297.67
1249.68,1837.88,1793.42,2076.02,2735.96,2297.67
1249.68,1837.88,1793.42,2076.02,2735.96,2297.67
1249.68,1856.26,1793.42,2076.02,2735.96,2297.67
1249.68,1856.26,1793.42,2096.78,2735.96,2297.67
1249.68,1856.26,1793.42,2096.78,2735.96,2297.67
1249.68,1856.26,1793.42,2096.78,2735.96,2320.65
1249.68,1856.26,1793.42,2096.78,2735.96,2320.65
1262.18,1856.26,1793.42,2096.78,2763.32,2320.65
1262.18,1856.26,1793.42,2096.78,2763.32,2320.65
1262.18,1856.26,1793.42,2096.78,2763.32,2320.65
1262.18,1856.26,1793.42,2096.78,2763.32,2320.65
1262.18,1856.26,1811.35,2096.78,2763.32,2320.65
1262.18,1856.26,1811.35,2096.78,2763.32,2320.65
1262.18,1856.26,1811.35,2096.78,2763.32,2320.65
1262.18,1874.82,1811.35,2096.78,2763.32,2320.65
1262.18,1874.82,1811.35,2117.75,2763.32,2320.65
1262.18,1874.82,1811.35,2117.75,2763.32,2320.65
1262.18,1874.82,1811.35,2117.75,2763.32,2343.86
1262.18,1874.82,1811.35,2117.75,2763.32,2343.86
1274.8,1874.82,1811.35,2117.75,2790.96,2343.86
1274.8,1874.82,1811.35,2117.75,2790.96,2343.86
1274.8,1874.82,1811.35,2117.75,2790.96,2343.86
1274.8,1874.82,1811.35,2117.75,2790.96,2343.86
1274.8,1874.82,1829.47,2117.75,2790.96,2343.86
1274.8,1874.82,1829.47,2117.75,2790.96,2343.86
1274.8,1874.82,1829.47,2117.75,2790.96,2343.86
1274.8,1893.57,1829.47,2117.75,2790.96,2343.86
1274.8,1893.57,1829.47,2138.93,2790.96,2343.86
1274.8,1893.57,1829.47,2138.93,2790.96,2343.86
1274.8,1893.57,1829.47,2138.93,2790.96,2367.3
1274.8,1893.57,1829.47,2138.93,2790.96,2367.3
1287.55,1893.57,1829.47,2138.93,2818.87,2367.3
1287.55,1893.57,1829.47,2138.93,2818.87,2367.3
1287.55,1893.57,1829.47,2138.93,2818.87,2367.3
1287.55,1893.57,1829.47,2138.93,2818.87,2367.3
1287.55,1893.57,1847.76,2138.93,2818.87,2367.3
1287.55,1893.57,1847.76,2138.93,2818.87,2367.3
1287.55,1893.57,1847.76,2138.93,2818.87,2367.3
1287.55,1912.51,1847.76,2138.93,2818.87,2367.3
1287.55,1912.51,1847.76,2160.32,2818.87,2367.3
1287.55,1912.51,1847.76,2160.32,2818.87,2367.3
1287.55,1912.51,1847.76,2160.32,2818.87,2390.97
1287.55,1912.51,1847.76,2160.32,2818.87,2390.97
1300.42,1912.51,1847.76,2160.32,2847.06,2390.97
1300.42,1912.51,1847.76,2160.32,2847.06,2390.97
1300.42,1912.51,1847.76,2160.32,2847.06,2390.97
1300.42,1912.51,1847.76,2160.32,2847.06,2390.97
1300.42,1912.51,1866.24,2160.32,2847.06,2390.97
1300.42,1912.51,1866.24,2160.32,2847.06,2390.97
1300.42,1912.51,1866.24,2160.32,2847.06,2390.97
1300.42,1931.63,1866.24,2160.32,2847.06,2390.97
1300.42,1931.63,1866.24,2181.92,2847.06,2390.97
1300.42,1931.63,1866.24,2181.92,2847.06,2390.97
1300.42,1931.63,1866.24,2181.92,2847.06,2414.88
1300.42,1931.63,1866.24,2181.92,2847.06,2414.88
1313.43,1931.63,1866.24,2181.92,2875.53,2414.88
1313.43,1931.63,1866.24,2181.92,2875.53,2414.88
1313.43,1931.63,1866.24,2181.92,2875.53,2414.88
1313.43,1931.63,1866.24,2181.92,2875.53,2414.88
1313.43,1931.63,1884.9,2181.92,2875.53,2414.88
1313.43,1931.63,1884.9,2181.92,2875.53,2414.88
1313.43,1931.63,1884.9,2181.92,2875.53,2414.88
1313.43,1950.95,1884.9,2181.92,2875.53,2414.88
1313.43,1950.95,1884.9,2203.74,2875.53,2414.88
1313.43,1950.95,1884.9,2203.74,2875.53,2414.88
1313.43,1950.95,1884.9,2203.74,2875.53,2439.03
1313.43,1950.95,1884.9,2203.74,2875.53,2439.03
1326.56,1950.95,1884.9,2203.74,2904.28,2439.03
1326.56,1950.95,1884.9,2203.74,2904.28,2439.03
1326.56,1950.95,1884.9,2203.74,2904.28,2439.03
1326.56,1950.95,1884.9,2203.74,2904.28,2439.03
1326.56,1950.95,1903.75,2203.74,2904.28,2439.03
1326.56,1950.95,1903.75,2203.74,2904.28,2439.03
1326.56,1950.95,1903.75,2203.74,2904.28,2439.03
1326.56,1970.46,1903.75,2203.74,2904.28,2439.03
1326.56,1970.46,1903.75,2225.78,2904.28,2439.03
1326.56,1970.46,1903.75,2225.78,2904.28,2439.03
1326.56,1970.46,1903.75,2225.78,2904.28,2463.42
1326.56,1970.46,1903.75,2225.78,2904.28,2463.42
1339.83,1970.46,1903.75,2225.78,2933.32,2463.42
1339.83,1970.46,1903.75,2225.78,2933.32,2463.42
1339.83,1970.46,1903.75,2225.78,2933.32,2463.42
1339.83,1970.46,1903.75,2225.78,2933.32,2463.42
1339.83,1970.46,1922.79,2225.78,2933.32,2463.42
1339.83,1970.46,1922.79,2225.78,2933.32,2463.42
1339.83,1970.46,1922.79,2225.78,2933.32,2463.42
1339.83,1990.16,1922.79,2225.78,2933.32,2463.42
1339.83,1990.16,1922.79,2248.04,2933.32,2463.42
1339.83,1990.16,1922.79,2248.04,2933.32,2463.42
1339.83,1990.16,1922.79,2248.04,2933.32,2488.05
1339.83,1990.16,1922.79,2248.04,2933.32,2488.05
1353.23,1990.16,1922.79,2248.04,2962.66,2488.05
1353.23,1990.16,1922.79,2248.04,2962.66,2488.05
1353.23,1990.16,1922.79,2248.04,2962.66,2488.05
1353.23,1990.16,1922.79,2248.04,2962.66,2488.05
1353.23,1990.16,1942.02,2248.04,2962.66,2488.05
1353.23,1990.16,1942.02,2248.04,2962.66,2488.05
1353.23,1990.16,1942.02,2248.04,2962.66,2488.05
1353.23,2010.06,1942.02,2248.04,2962.66,2488.05
1353.23,2010.06,1942.02,2270.52,2962.66,2488.05
1353.23,2010.06,1942.02,2270.52,2962.66,2488.05
1353.23,2010.06,1942.02,2270.52,2962.66,2512.93
1353.23,2010.06,1942.02,2270.52,2962.66,2512.93
1366.76,2010.06,1942.02,2270.52,2992.28,2512.93
1366.76,2010.06,1942.02,2270.52,2992.28,2512.93
1366.76,2010.06,1942.02,2270.52,2992.28,2512.93
1366.76,2010.06,1942.02,2270.52,2992.28,2512.93
1366.76,2010.06,1961.44,2270.52,2992.28,2512.93
1366.76,2010.06,1961.44,2270.52,2992.28,2512.93
1366.76,2010.06,1961.44,2270.52,2992.28,2512.93
1366.76,2030.16,1961.44,2270.52,2992.28,2512.93
1366.76,2030.16,1961.44,2293.22,2992.28,2512.93
1366.76,2030.16,1961.44,2293.22,2992.28,2512.93
1366.76,2030.16,1961.44,2293.22,2992.28,2538.06
1366.76,2030.16,1961.44,2293.22,2992.28,2538.06
1380.43,2030.16,1961.44,2293.22,3022.21,2538.06
1380.43,2030.16,1961.44,2293.22,3022.21,2538.06
1380.43,2030.16,1961.44,2293.22,3022.21,2538.06
1380.43,2030.16,1961.44,2293.22,3022.21,2538.06
1380.43,2030.16,1981.05,2293.22,3022.21,2538.06
1380.43,2030.16,1981.05,2293.22,3022.21,2538.06
1380.43,2030.16,1981.05,2293.22,3022.21,2538.06
1380.43,2050.47,1981.05,2293.22,3022.21,2538.06
1380.43,2050.47,1981.05,2316.15,3022.21,2538.06
1380.43,2050.47,1981.05,2316.15,3022.21,2538.06
1380.43,2050.47,1981.05,2316.15,3022.21,2563.44
1380.43,2050.47,1981.05,2316.15,3022.21,2563.44
1394.23,2050.47,1981.05,2316.15,3052.43,2563.44
1394.23,2050.47,1981.05,2316.15,3052.43,2563.44
1394.23,2050.47,1981.05,2316.15,3052.43,2563.44
1394.23,2050.47,1981.05,2316.15,3052.43,2563.44
1394.23,2050.47,2000.86,2316.15,3052.43,2563.44
1394.23,2050.47,2000.86,2316.15,3052.43,2563.44
1394.23,2050.47,2000.86,2316.15,3052.43,2563.44
1394.23,2070.97,2000.86,2316.15,3052.43,2563.44
1394.23,2070.97,2000.86,2339.32,3052.43,2563.44
1394.23,2070.97,2000.86,2339.32,3052.43,2563.44
1394.23,2070.97,2000.86,2339.32,3052.43,2589.08
1394.23,2070.97,2000.86,2339.32,3052.43,2589.08
1408.17,2070.97,2000.86,2339.32,3082.95,2589.08
1408.17,2070.97,2000.86,2339.32,3082.95,2589.08
1408.17,2070.97,2000.86,2339.32,3082.95,2589.08
1408.17,2070.97,2000.86,2339.32,3082.95,2589.08
1408.17,2070.97,2020.87,2339.32,3082.95,2589.08
1408.17,2070.97,2020.87,2339.32,3082.95,2589.08
1408.17,2070.97,2020.87,2339.32,3082.95,2589.08
1408.17,2091.68,2020.87,2339.32,3082.95,2589.08
1408.17,2091.68,2020.87,2362.71,3082.95,2589.08
1408.17,2091.68,2020.87,2362.71,3082.95,2589.08
1408.17,2091.68,2020.87,2362.71,3082.95,2614.97
1408.17,2091.68,2020.87,2362.71,3082.95,2614.97
1422.25,2091.68,2020.87,2362.71,3113.78,2614.97
1422.25,2091.68,2020.87,2362.71,3113.78,2614.97
1422.25,2091.68,2020.87,2362.71,3113.78,2614.97
1422.25,2091.68,2020.87,2362.71,3113.78,2614.97
1422.25,2091.68,2041.08,2362.71,3113.78,2614.97
1422.25,2091.68,2041.08,2362.71,3113.78,2614.97
1422.25,2091.68,2041.08,2362.71,3113.78,2614.97
1422.25,2112.6,2041.08,2362.71,3113.78,2614.97
1422.25,2112.6,2041.08,2386.34,3113.78,2614.97
1422.25,2112.6,2041.08,2386.34,3113.78,2614.97
1422.25,2112.6,2041.08,2386.34,3113.78,2641.12
1422.25,2112.6,2041.08,2386.34,3113.78,2641.12
1436.48,2112.6,2041.08,2386.34,3144.92,2641.12
1436.48,2112.6,2041.08,2386.34,3144.92,2641.12
1436.48,2112.6,2041.08,2386.34,3144.92,2641.12
1436.48,2112.6,2041.08,2386.34,3144.92,2641.12
1436.48,2112.6,2061.49,2386.34,3144.92,2641.12
1436.48,2112.6,2061.49,2386.34,3144.92,2641.12
1436.48,2112.6,2061.49,2386.34,3144.92,2641.12
1436.48,2133.72,2061.49,2386.34,3144.92,2641.12
1436.48,2133.72,2061.49,2410.2,3144.92,2641.12
1436.48,2133.72,2061.49,2410.2,3144.92,2641.12
1436.48,2133.72,2061.49,2410.2,3144.92,2667.53
1436.48,2133.72,2061.49,2410.2,3144.92,2667.53
1450.84,2133.72,2061.49,2410.2,3176.37,2667.53
1450.84,2133.72,2061.49,2410.2,3176.37,2667.53
1450.84,2133.72,2061.49,2410.2,3176.37,2667.53
1450.84,2133.72,2061.49,2410.2,3176.37,2667.53
1450.84,2133.72,2082.1,2410.2,3176.37,2667.53
1450.84,2133.72,2082.1,2410.2,3176.37,2667.53
1450.84,2133.72,2082.1,2410.2,3176.37,2667.53
1450.84,2155.06,2082.1,2410.2,3176.37,2667.53
1450.84,2155.06,2082.1,2434.3,3176.37,2667.53
1450.84,2155.06,2082.1,2434.3,3176.37,2667.53
1450.84,2155.06,2082.1,2434.3,3176.37,2694.2
1450.84,2155.06,2082.1,2434.3,3176.37,2694.2
1465.35,2155.06,2082.1,2434.3,3208.13,2694.2
1465.35,2155.06,2082.1,2434.3,3208.13,2694.2
1465.35,2155.06,2082.1,2434.3,3208.13,2694.2
1465.35,2155.06,2082.1,2434.3,3208.13,2694.2
1465.35,2155.06,2102.92,2434.3,3208.13,2694.2
1465.35,2155.06,2102.92,2434.3,3208.13,2694.2
1465.35,2155.06,2102.92,2434.3,3208.13,2694.2
1465.35,2176.61,2102.92,2434.3,3208.13,2694.2
1465.35,2176.61,2102.92,2458.64,3208.13,2694.2
1465.35,2176.61,2102.92,2458.64,3208.13,2694.2
1465.35,2176.61,2102.92,2458.64,3208.13,2721.14
1465.35,2176.61,2102.92,2458.64,3208.13,2721.14
1480.0,2176.61,2102.92,2458.64,3240.22,2721.14
1480.0,2176.61,2102.92,2458.64,3240.22,2721.14
1480.0,2176.61,2102.92,2458.64,3240.22,2721.14
1480.0,2176.61,2102.92,2458.64,3240.22,2721.14
1480.0,2176.61,2123.95,2458.64,3240.22,2721.14
1480.0,2176.61,2123.95,2458.64,3240.22,2721.14
1480.0,2176.61,2123.95,2458.64,3240.22,2721.14
1480.0,2198.38,2123.95,2458.64,3240.22,2721.14
1480.0,2198.38,2123.95,2483.23,3240.22,2721.14
1480.0,2198.38,2123.95,2483.23,3240.22,2721.14
1480.0,2198.38,2123.95,2483.23,3240.22,2748.36
1480.0,2198.38,2123.95,2483.23,3240.22,2748.36
1494.8,2198.38,2123.95,2483.23,3272.62,2748.36
1494.8,2198.38,2123.95,2483.23,3272.62,2748.36
1494.8,2198.38,2123.95,2483.23,3272.62,2748.36
1494.8,2198.38,2123.95,2483.23,3272.62,2748.36
1494.8,2198.38,2145.19,2483.23,3272.62,2748.36
1494.8,2198.38,2145.19,2483.23,3272.62,2748.36
1494.8,2198.38,2145.19,2483.23,3272.62,2748.36
1494.8,2220.36,2145.19,2483.23,3272.62,2748.36
1494.8,2220.36,2145.19,2508.06,3272.62,2748.36
1494.8,2220.36,2145.19,2508.06,3272.62,2748.36
1494.8,2220.36,2145.19,2508.06,3272.62,2775.84
1494.8,2220.36,2145.19,2508.06,3272.62,2775.84
1509.75,2220.36,2145.19,2508.06,3305.34,2775.84
1509.75,2220.36,2145.19,2508.06,3305.34,2775.84
1509.75,2220.36,2145.19,2508.06,3305.34,2775.84
1509.75,2220.36,2145.19,2508.06,3305.34,2775.84
1509.75,2220.36,2166.65,2508.06,3305.34,2775.84
1509.75,2220.36,2166.65,2508.06,3305.34,2775.84
1509.75,2220.36,2166.65,2508.06,3305.34,2775.84
1509.75,2242.56,2166.65,2508.06,3305.34,2775.84
1509.75,2242.56,2166.65,2533.14,3305.34,2775.84
1509.75,2242.56,2166.65,2533.14,3305.34,2775.84
1509.75,2242.56,2166.65,2533.14,3305.34,2803.6
1509.75,2242.56,2166.65,2533.14,3305.34,2803.6
1524.85,2242.56,2166.65,2533.14,3338.4,2803.6
1524.85,2242.56,2166.65,2533.14,3338.4,2803.6
1524.85,2242.56,2166.65,2533.14,3338.4,2803.6
1524.85,2242.56,2166.65,2533.14,3338.4,2803.6
1524.85,2242.56,2188.31,2533.14,3338.4,2803.6
1524.85,2242.56,2188.31,2533.14,3338.4,2803.6
1524.85,2242.56,2188.31,2533.14,3338.4,2803.6
1524.85,2242.56,2188.31,2533.14,3338.4,2803.6
1524.85,2242.56,2188.31,2533.14,3338.4,2803.6
1524.85,2242.56,2188.31,2533.14,3338.4,2803.6
1524.85,2242.56,2188.31,2533.14,3338.4,2803.6
1524.85,2242.56,2188.31,2533.14,3338.4,2803.6
1524.85,2242.56,2188.31,2533.14,3338.4,2803.6
1524.85,2242.56,2188.31,2533.14,3338.4,2803.6
1524.85,2242.56,2188.31,2533.14,3338.4,2803.6
1524.85,2242.56,2188.31,2533.14,3338.4,2803.6
1524.85,2242.56,2188.31,2533.14,3338.4,2803.6
1524.85,2242.56,2188.31,2533.14,3338.4,2803.6
